-- MySQL dump 10.13  Distrib 8.0.21, for Win64 (x86_64)
--
-- Host: localhost    Database: avito_db
-- ------------------------------------------------------
-- Server version	8.0.18

/*!40101 SET @OLD_CHARACTER_SET_CLIENT=@@CHARACTER_SET_CLIENT */;
/*!40101 SET @OLD_CHARACTER_SET_RESULTS=@@CHARACTER_SET_RESULTS */;
/*!40101 SET @OLD_COLLATION_CONNECTION=@@COLLATION_CONNECTION */;
/*!50503 SET NAMES utf8 */;
/*!40103 SET @OLD_TIME_ZONE=@@TIME_ZONE */;
/*!40103 SET TIME_ZONE='+00:00' */;
/*!40014 SET @OLD_UNIQUE_CHECKS=@@UNIQUE_CHECKS, UNIQUE_CHECKS=0 */;
/*!40014 SET @OLD_FOREIGN_KEY_CHECKS=@@FOREIGN_KEY_CHECKS, FOREIGN_KEY_CHECKS=0 */;
/*!40101 SET @OLD_SQL_MODE=@@SQL_MODE, SQL_MODE='NO_AUTO_VALUE_ON_ZERO' */;
/*!40111 SET @OLD_SQL_NOTES=@@SQL_NOTES, SQL_NOTES=0 */;

--
-- Table structure for table `ads`
--

DROP TABLE IF EXISTS `ads`;
/*!40101 SET @saved_cs_client     = @@character_set_client */;
/*!50503 SET character_set_client = utf8mb4 */;
CREATE TABLE `ads` (
  `idAds` int(11) NOT NULL AUTO_INCREMENT,
  `name` varchar(150) NOT NULL,
  `price` int(11) NOT NULL,
  `addressFull` varchar(400) NOT NULL,
  `primary` varchar(20) NOT NULL,
  `date` date NOT NULL,
  `linkAd` varchar(600) NOT NULL,
  `views` varchar(45) NOT NULL,
  `idAdInSite` varchar(45) NOT NULL,
  `seller` varchar(200) NOT NULL,
  `linkSeller` varchar(600) NOT NULL,
  `floor` varchar(45) NOT NULL,
  `numberOfFloors` varchar(45) NOT NULL,
  `numberOfRooms` varchar(45) NOT NULL,
  `livingSpace` varchar(45) NOT NULL,
  `totalArea` varchar(45) NOT NULL,
  `kithenArea` varchar(45) NOT NULL,
  `yearOfConstruction` varchar(45) NOT NULL,
  `finishing` varchar(45) NOT NULL,
  `developer` varchar(300) NOT NULL,
  `nameOfTheNewBulding` varchar(300) NOT NULL,
  `thePlots` varchar(45) NOT NULL,
  `distanseToCity` varchar(45) NOT NULL,
  `online` tinyint(4) NOT NULL,
  `ownership` varchar(45) NOT NULL,
  `idKindOfProperty` int(11) NOT NULL,
  `species_idSpecie` int(11) NOT NULL,
  `lacality_idlacality` int(11) NOT NULL,
  `idMaterial` int(11) NOT NULL,
  `status` tinyint(4) NOT NULL DEFAULT '1',
  PRIMARY KEY (`idAds`),
  UNIQUE KEY `linkAd_UNIQUE` (`linkAd`),
  KEY `fk_ads_kindOfPropertys1_idx` (`idKindOfProperty`),
  KEY `fk_ads_species1_idx` (`species_idSpecie`),
  KEY `fk_ads_lacality1_idx` (`lacality_idlacality`),
  KEY `fk_ads_buildingmaterials_idx` (`idMaterial`),
  CONSTRAINT `fk_ads_buildingmaterials` FOREIGN KEY (`idMaterial`) REFERENCES `buildingmaterials` (`idMaterial`) ON UPDATE CASCADE,
  CONSTRAINT `fk_ads_kindOfPropertys1` FOREIGN KEY (`idKindOfProperty`) REFERENCES `kindofpropertys` (`idKindOfProperty`),
  CONSTRAINT `fk_ads_lacality1` FOREIGN KEY (`lacality_idlacality`) REFERENCES `lacality` (`idlacality`),
  CONSTRAINT `fk_ads_species1` FOREIGN KEY (`species_idSpecie`) REFERENCES `species` (`idSpecie`)
) ENGINE=InnoDB AUTO_INCREMENT=133 DEFAULT CHARSET=utf8mb4 COLLATE=utf8mb4_0900_ai_ci;
/*!40101 SET character_set_client = @saved_cs_client */;

--
-- Dumping data for table `ads`
--

LOCK TABLES `ads` WRITE;
/*!40000 ALTER TABLE `ads` DISABLE KEYS */;
INSERT INTO `ads` VALUES (20,'Студия, 30 м², 1/9 эт.',1300,'Амурская область, Благовещенск, Октябрьская ул., 221','0','2020-09-07','https://www.avito.ru/amurskaya_oblast_blagoveschensk/kvartiry/studiya_30_m_19_et._2013880954','811','2013880954','MontanaHOME','https://www.avito.ru/user/7100cad46caaf051069bda6e766fa1e6/profile?id=2013880954&src=item&page_from=from_item_card&iid=2013880954','1','9','студия','нет','30','нет','нет','нет','нет','нет','нет','нет',0,'нет',7,3,1,2,1),(21,'1-к квартира, 43 м², 10/16 эт.',1500,'Амурская область, Благовещенск, ул. Шимановского, 82','0','2020-09-07','https://www.avito.ru/amurskaya_oblast_blagoveschensk/kvartiry/1-k_kvartira_43_m_1016_et._1926225480','14236','1926225480','НЕДВИЖИМОСТЬ','https://www.avito.ru/user/703cc458e818297e5c32378da2edb505/profile?id=1926225480&src=item&page_from=from_item_card&iid=1926225480','10','16','1','25','43','9','нет','нет','нет','нет','нет','нет',0,'нет',3,3,1,2,1),(22,'Студия, 28 м², 3/4 эт.',1300,'Амурская область, Благовещенск, ул. Ломоносова, 179','0','2020-09-07','https://www.avito.ru/amurskaya_oblast_blagoveschensk/kvartiry/studiya_28_m_34_et._1614484393','52401','1614484393','Квартиры посуточно','https://www.avito.ru/user/d7dd8ac5a3c5c865482b833d440a24b8/profile?id=1614484393&src=item&page_from=from_item_card&iid=1614484393','3','4','студия','15','28','10','нет','нет','нет','нет','нет','нет',0,'нет',7,3,1,2,1),(27,'3-к квартира, 68 м², 5/5 эт.',4800000,'Амурская область, Благовещенск, Железнодорожная ул., 4/1','0','2020-09-07','https://www.avito.ru/amurskaya_oblast_blagoveschensk/kvartiry/3-k_kvartira_68_m_55_et._1949721144','2276','1949721144','Карен','https://www.avito.ru/user/26d2aee2b7a95fa9acdbce6994018aba/profile?id=1949721144&src=item&page_from=from_item_card&iid=1949721144','5','5','3','нет','68','нет','нет','нет','нет','нет','нет','нет',1,'собственни',3,1,1,1,1),(28,'2-к квартира, 45 м², 4/5 эт.',2800000,'Амурская область, Благовещенск, посёлок Моховая Падь, Моховая ул., 14','0','2020-09-07','https://www.avito.ru/amurskaya_oblast_blagoveschensk/kvartiry/2-k_kvartira_45_m_45_et._1973180002','1569','1973180002','Юлия','https://www.avito.ru/user/67a68d01c9daf730e2bff0a6e66c3cbb2e758287410440c1ef33c434b556e4e5/profile?id=1973180002&src=item&page_from=from_item_card&iid=1973180002','4','5','2','нет','45','нет','нет','нет','нет','нет','нет','нет',1,'собственни',3,1,1,1,1),(29,'1-к квартира, 36 м², 6/14 эт.',3700000,'Амурская область, Благовещенск, ул. Василенко, 20/3','0','2020-09-07','https://www.avito.ru/amurskaya_oblast_blagoveschensk/kvartiry/1-k_kvartira_36_m_614_et._2013566365','736','2013566365','СФЕРА НЕДВИЖИМОСТИ','https://www.avito.ru/user/532dcc9daf93006ed85002acf4d0807e/profile?id=2013566365&src=item&page_from=from_item_card&iid=2013566365','6','14','1','нет','36','нет','нет','нет','нет','нет','нет','нет',1,'посредни',3,1,1,2,1),(30,'2-к квартира, 50 м², 12/14 эт.',2500,'Амурская область, Благовещенск, Игнатьевское ш., 12/2','0','2020-09-08','https://www.avito.ru/amurskaya_oblast_blagoveschensk/kvartiry/2-k_kvartira_50_m_1214_et._1924442337','2728','1924442337','Пётр','https://www.avito.ru/user/365b3d81ccfb5dbc0874c8c4e589ec0f/profile?id=1924442337&src=item&page_from=from_item_card&iid=1924442337','12','14','2','30','50','15','нет','нет','нет','нет','нет','нет',0,'нет',3,3,1,2,1),(31,'Студия, 25 м², 1/3 эт.',1300,'Амурская область, Благовещенск, ул. 50 лет Октября, 143','0','2020-09-08','https://www.avito.ru/amurskaya_oblast_blagoveschensk/kvartiry/studiya_25_m_13_et._1018736053','46501','1018736053','Квартиры посуточно','https://www.avito.ru/user/d7dd8ac5a3c5c865482b833d440a24b8/profile?id=1018736053&src=item&page_from=from_item_card&iid=1018736053','1','3','студия','11','25','10','нет','нет','нет','нет','нет','нет',0,'нет',7,3,1,2,1),(32,'Студия, 26 м², 2/2 эт.',1000,'Амурская область, Благовещенск, Конная ул., 114','0','2020-09-08','https://www.avito.ru/amurskaya_oblast_blagoveschensk/kvartiry/studiya_26_m_22_et._1621879743','56271','1621879743','Квартиры посуточно','https://www.avito.ru/user/d7dd8ac5a3c5c865482b833d440a24b8/profile?id=1621879743&src=item&page_from=from_item_card&iid=1621879743','2','2','студия','13','26','10','нет','нет','нет','нет','нет','нет',0,'нет',7,3,1,2,1),(33,'Студия, 20 м², 1/1 эт.',1200,'Амурская область, Благовещенск, ул. Шимановского, 46/1','0','2020-09-08','https://www.avito.ru/amurskaya_oblast_blagoveschensk/kvartiry/studiya_20_m_11_et._1917884807','9814','1917884807','MontanaHOME','https://www.avito.ru/user/7100cad46caaf051069bda6e766fa1e6/profile?id=1917884807&src=item&page_from=from_item_card&iid=1917884807','1','1','студия','нет','20','нет','нет','нет','нет','нет','нет','нет',0,'нет',7,3,1,2,1),(34,'2-к квартира, 70 м², 1/9 эт.',2000,'Амурская область, Благовещенск, ул. Пушкина, 47','0','2020-09-08','https://www.avito.ru/amurskaya_oblast_blagoveschensk/kvartiry/2-k_kvartira_70_m_19_et._1973360543','2251','1973360543','Светлана Гурьянова','https://www.avito.ru/user/04330e9ff905063625db9bf63411514f/profile?id=1973360543&src=item&page_from=from_item_card&iid=1973360543','1','9','2','40','70','15','нет','нет','нет','нет','нет','нет',0,'нет',3,3,1,2,1),(35,'1-к квартира, 36 м², 14/16 эт.',1800,'Амурская область, Благовещенск, Новая ул., 24','0','2020-09-08','https://www.avito.ru/amurskaya_oblast_blagoveschensk/kvartiry/1-k_kvartira_36_m_1416_et._1964345207','4506','1964345207','Наталья Середа','https://www.avito.ru/user/49f451f3fd38fef5192d3eca3ad91e16/profile?id=1964345207&src=item&page_from=from_item_card&iid=1964345207','14','16','1','36','36','нет','нет','нет','нет','нет','нет','нет',0,'нет',3,3,1,2,1),(36,'Студия, 29 м², 3/4 эт.',1300,'Амурская область, Благовещенск, ул. Ломоносова, 179','0','2020-09-08','https://www.avito.ru/amurskaya_oblast_blagoveschensk/kvartiry/studiya_29_m_34_et._1151795863','82385','1151795863','Квартиры посуточно','https://www.avito.ru/user/d7dd8ac5a3c5c865482b833d440a24b8/profile?id=1151795863&src=item&page_from=from_item_card&iid=1151795863','3','4','студия','14','29','10','нет','нет','нет','нет','нет','нет',0,'нет',7,3,1,2,1),(37,'1-к квартира, 41 м², 2/10 эт.',2500,'Амурская область, Благовещенск, ул. Шевченко, 70','0','2020-09-08','https://www.avito.ru/amurskaya_oblast_blagoveschensk/kvartiry/1-k_kvartira_41_m_210_et._700631472','46521','700631472','Любовь','https://www.avito.ru/user/6926d8fe28fa3fbf7285fcf58254eb1b/profile?id=700631472&src=item&page_from=from_item_card&iid=700631472','2','10','1','нет','41','нет','нет','нет','нет','нет','нет','нет',0,'нет',3,3,1,2,1),(38,'1-к квартира, 40 м², 5/9 эт.',1300,'Амурская область, Благовещенск, ул. Пушкина, 66','0','2020-09-08','https://www.avito.ru/amurskaya_oblast_blagoveschensk/kvartiry/1-k_kvartira_40_m_59_et._1278838802','23437','1278838802','Квартиры посуточно','https://www.avito.ru/user/d7dd8ac5a3c5c865482b833d440a24b8/profile?id=1278838802&src=item&page_from=from_item_card&iid=1278838802','5','9','1','25','40','10','нет','нет','нет','нет','нет','нет',0,'нет',3,3,1,2,1),(39,'1-к квартира, 45 м², 4/6 эт.',1800,'Амурская область, Благовещенск, ул. Фрунзе, 48','0','2020-09-08','https://www.avito.ru/amurskaya_oblast_blagoveschensk/kvartiry/1-k_kvartira_45_m_46_et._1658116698','7588','1658116698','Квартиры посуточно','https://www.avito.ru/i33904277?gdlkerfdnwq=101&shopId=203759&page_from=from_item_card&iid=1658116698','4','6','1','нет','45','15','нет','нет','нет','нет','нет','нет',0,'нет',3,3,1,2,1),(40,'Студия, 33 м², 6/10 эт.',1000,'Амурская область, Благовещенск, ул. Шимановского, 78','0','2020-09-08','https://www.avito.ru/amurskaya_oblast_blagoveschensk/kvartiry/studiya_33_m_610_et._1950055711','5013','1950055711','Мария','https://www.avito.ru/user/e086c6b04e0924bc26b8a737a308f6a4/profile?id=1950055711&src=item&page_from=from_item_card&iid=1950055711','6','10','студия','18','33','8','нет','нет','нет','нет','нет','нет',0,'нет',7,3,1,2,1),(41,'1-к квартира, 40 м², 16/16 эт.',2500,'Амурская область, Благовещенск, ул. Шимановского, 82','0','2020-09-08','https://www.avito.ru/amurskaya_oblast_blagoveschensk/kvartiry/1-k_kvartira_40_m_1616_et._1869437178','7803','1869437178','Частное лицо','https://www.avito.ru/user/10a5db1490d16ef207dd933663e84b68/profile?id=1869437178&src=item&page_from=from_item_card&iid=1869437178','16','16','1','20','40','9','нет','нет','нет','нет','нет','нет',0,'нет',3,3,1,2,1),(42,'1-к квартира, 50 м², 7/16 эт.',2000,'Амурская область, Благовещенск, Новая ул., 11','0','2020-09-08','https://www.avito.ru/amurskaya_oblast_blagoveschensk/kvartiry/1-k_kvartira_50_m_716_et._1967432347','1318','1967432347','МаЛена','https://www.avito.ru/user/2f6d4e78953ab64da42d20d1e6e854ed/profile?id=1967432347&src=item&page_from=from_item_card&iid=1967432347','7','16','1','35','50','12','нет','нет','нет','нет','нет','нет',0,'нет',3,3,1,2,1),(43,'2-к квартира, 50 м², 4/5 эт.',2000,'Амурская область, Белогорск, ул. Кирова, 253А','0','2020-09-08','https://www.avito.ru/amurskaya_oblast_belogorsk/kvartiry/2-k_kvartira_50_m_45_et._1891422199','6390','1891422199','Марина','https://www.avito.ru/user/8df146b4ea8c24542e0697e31a65d668/profile?id=1891422199&src=item&page_from=from_item_card&iid=1891422199','4','5','2','нет','50','нет','нет','нет','нет','нет','нет','нет',0,'нет',3,3,1,2,1),(44,'1-к квартира, 43 м², 5/14 эт.',1700,'Амурская область, Благовещенск, Октябрьская ул., 197','0','2020-09-08','https://www.avito.ru/amurskaya_oblast_blagoveschensk/kvartiry/1-k_kvartira_43_m_514_et._1064140528','34106','1064140528','Антонина','https://www.avito.ru/user/ed73c0a17048bb9f22d5c4055ee62e22/profile?id=1064140528&src=item&page_from=from_item_card&iid=1064140528','5','14','1','нет','43','нет','нет','нет','нет','нет','нет','нет',0,'нет',3,3,1,2,1),(45,'3-к квартира, 56 м², 4/4 эт.',22000,'Амурская область, Белогорск, ул. Ленина, 43','0','2020-09-08','https://www.avito.ru/amurskaya_oblast_belogorsk/kvartiry/3-k_kvartira_56_m_44_et._1892026351','4113','1892026351','Инна','https://www.avito.ru/user/83982ab0ed3f4f55d5378a23043b6d131196dbd19b1fc53fc3a13eebd8865f06/profile?id=1892026351&src=item&page_from=from_item_card&iid=1892026351','4','4','3','нет','56','нет','нет','нет','нет','нет','нет','нет',1,'нет',3,2,1,2,1),(46,'1-к квартира, 43.9 м², 1/9 эт.',1700,'Амурская область, Благовещенск, Октябрьская ул., 221','0','2020-09-08','https://www.avito.ru/amurskaya_oblast_blagoveschensk/kvartiry/1-k_kvartira_43.9_m_19_et._993114364','15850','993114364','Антонина','https://www.avito.ru/user/ed73c0a17048bb9f22d5c4055ee62e22/profile?id=993114364&src=item&page_from=from_item_card&iid=993114364','1','9','1','нет','43,9','нет','нет','нет','нет','нет','нет','нет',0,'нет',3,3,1,2,1),(47,'1-к квартира, 40 м², 7/14 эт.',1400,'Амурская область, Благовещенск, Октябрьская ул., 197','0','2020-09-08','https://www.avito.ru/amurskaya_oblast_blagoveschensk/kvartiry/1-k_kvartira_40_m_714_et._791270368','37062','791270368','Сергей','https://www.avito.ru/user/ff85ccf372772b33225ccb4cadcd15b9/profile?id=791270368&src=item&page_from=from_item_card&iid=791270368','7','14','1','нет','40','нет','нет','нет','нет','нет','нет','нет',0,'нет',3,3,1,2,1),(48,'2-к квартира, 54 м², 9/9 эт.',3000,'Амурская область, Благовещенск, Студенческая ул., 49','0','2020-09-08','https://www.avito.ru/amurskaya_oblast_blagoveschensk/kvartiry/2-k_kvartira_54_m_99_et._1987869188','125','1987869188','Зоя','https://www.avito.ru/user/0d0094658a0129d32c7d5164a1969705/profile?id=1987869188&src=item&page_from=from_item_card&iid=1987869188','9','9','2','42','54','12','нет','нет','нет','нет','нет','нет',0,'нет',3,3,1,1,1),(49,'Студия, 18 м², 1/5 эт.',1000,'Амурская область, Благовещенск, ул. Чайковского, 23','0','2020-09-08','https://www.avito.ru/amurskaya_oblast_blagoveschensk/kvartiry/studiya_18_m_15_et._1951630018','3326','1951630018','Анастасия','https://www.avito.ru/user/1735df3ba5cbce02fdb51537b3b846e0/profile?id=1951630018&src=item&page_from=from_item_card&iid=1951630018','1','5','студия','12','18','5','нет','нет','нет','нет','нет','нет',0,'нет',7,3,1,1,1),(50,'1-к квартира, 35 м², 3/9 эт.',1500,'Амурская область, Благовещенск, Игнатьевское ш., 3','0','2020-09-08','https://www.avito.ru/amurskaya_oblast_blagoveschensk/kvartiry/1-k_kvartira_35_m_39_et._795505676','30464','795505676','.','https://www.avito.ru/user/86eb5e700bfa1da3c0218246ca44e2c6/profile?id=795505676&src=item&page_from=from_item_card&iid=795505676','3','9','1','нет','35','нет','нет','нет','нет','нет','нет','нет',0,'нет',3,3,1,1,1),(51,'2-к квартира, 50 м², 5/5 эт.',2500,'Амурская область, Благовещенск, ул. Шимановского, 61/1','0','2020-09-08','https://www.avito.ru/amurskaya_oblast_blagoveschensk/kvartiry/2-k_kvartira_50_m_55_et._1862879945','7104','1862879945','Леонид','https://www.avito.ru/user/dc3977b45628beb07a5bce0ef616aa8b/profile?id=1862879945&src=item&page_from=from_item_card&iid=1862879945','5','5','2','нет','50','10','нет','нет','нет','нет','нет','нет',0,'нет',3,3,1,1,1),(52,'Студия, 27 м², 1/14 эт.',1200,'Амурская область, Благовещенск, Зейская ул., 53','0','2020-09-08','https://www.avito.ru/amurskaya_oblast_blagoveschensk/kvartiry/studiya_27_m_114_et._1042084211','39714','1042084211','Эдуард','https://www.avito.ru/user/bd2220c5e66f83e216940b25e959c077/profile?id=1042084211&src=item&page_from=from_item_card&iid=1042084211','1','14','студия','нет','27','нет','нет','нет','нет','нет','нет','нет',0,'нет',7,3,1,2,1),(53,'2-к квартира, 40 м², 1/3 эт.',2300,'Амурская область, Свободный, Парниковая ул., 14','0','2020-09-08','https://www.avito.ru/amurskaya_oblast_svobodnyy/kvartiry/2-k_kvartira_40_m_13_et._1967591216','2525','1967591216','3075','https://www.avito.ru/user/dadeba7fd23b1aa38ddede1aa04612e2/profile?id=1967591216&src=item&page_from=from_item_card&iid=1967591216','1','3','2','нет','40','10','нет','нет','нет','нет','нет','нет',0,'нет',3,3,1,2,1),(54,'1-к квартира, 44 м², 6/14 эт.',1300,'Амурская область, Благовещенск, ул. 50 лет Октября, 71','0','2020-09-08','https://www.avito.ru/amurskaya_oblast_blagoveschensk/kvartiry/1-k_kvartira_44_m_614_et._1976427955','1850','1976427955','Евгений','https://www.avito.ru/user/f84fdd131667f07c3f1067d9d61d67fc/profile?id=1976427955&src=item&page_from=from_item_card&iid=1976427955','6','14','1','32','44','12','нет','нет','нет','нет','нет','нет',0,'нет',3,3,1,2,1),(55,'4-к квартира, 70.7 м², 5/5 эт.',75000,'Амурская область, Свободный, ул. Серова, 62','0','2020-09-08','https://www.avito.ru/amurskaya_oblast_svobodnyy/kvartiry/4-k_kvartira_70.7_m_55_et._1983371951','174','1983371951','Федеральная риэлторская компания \"Этажи\"','https://www.avito.ru/blag_etagi?gdlkerfdnwq=101&shopId=59904&page_from=from_item_card&iid=1983371951','5','5','4','48,6','70,7','5,7','нет','нет','нет','нет','нет','нет',1,'нет',3,2,1,1,1),(56,'1-к квартира, 39 м², 2/9 эт.',1500,'Амурская область, Благовещенск, Тополиная ул., 51/1','0','2020-09-08','https://www.avito.ru/amurskaya_oblast_blagoveschensk/kvartiry/1-k_kvartira_39_m_29_et._1638112980','19403','1638112980','Алёна','https://www.avito.ru/user/ae9c0c9ecba52abfb0cf84d3459136e7/profile?id=1638112980&src=item&page_from=from_item_card&iid=1638112980','2','9','1','нет','39','нет','нет','нет','нет','нет','нет','нет',0,'нет',3,3,1,2,1),(57,'2-к квартира, 50 м², 5/9 эт.',2800,'Амурская область, Благовещенск, ул. Богдана Хмельницкого, 20','0','2020-09-08','https://www.avito.ru/amurskaya_oblast_blagoveschensk/kvartiry/2-k_kvartira_50_m_59_et._1837689563','7196','1837689563','надежда','https://www.avito.ru/user/a1f48dc024fb9ea2cac53af59b62ac92/profile?id=1837689563&src=item&page_from=from_item_card&iid=1837689563','5','9','2','нет','50','нет','нет','нет','нет','нет','нет','нет',0,'нет',3,3,1,2,1),(58,'2-к квартира, 65 м², 5/9 эт.',2100,'Амурская область, Благовещенск, Зейская ул., 283','0','2020-09-08','https://www.avito.ru/amurskaya_oblast_blagoveschensk/kvartiry/2-k_kvartira_65_m_59_et._1196740557','15099','1196740557','Собственник','https://www.avito.ru/user/6bdc3c2f5a83cc48c53562d96669fce1/profile?id=1196740557&src=item&page_from=from_item_card&iid=1196740557','5','9','2','36','65','18','нет','нет','нет','нет','нет','нет',0,'нет',3,3,1,2,1),(59,'1-к квартира, 35 м², 4/5 эт.',1500,'Амурская область, Тында, Профсоюзная ул., 7','0','2020-09-08','https://www.avito.ru/tynda/kvartiry/1-k_kvartira_35_m_45_et._1844967736','6645','1844967736','Гриха Торосян','https://www.avito.ru/user/8a4327a946c5b7dd90f379126fcda4a3/profile?id=1844967736&src=item&page_from=from_item_card&iid=1844967736','4','5','1','нет','35','нет','нет','нет','нет','нет','нет','нет',0,'нет',3,3,1,2,1),(60,'1-к квартира, 42 м², 10/10 эт.',1500,'Амурская область, Благовещенск, ул. Шимановского, 78','0','2020-09-08','https://www.avito.ru/amurskaya_oblast_blagoveschensk/kvartiry/1-k_kvartira_42_m_1010_et._1853963449','8217','1853963449','Мария','https://www.avito.ru/user/e086c6b04e0924bc26b8a737a308f6a4/profile?id=1853963449&src=item&page_from=from_item_card&iid=1853963449','10','10','1','18','42','12','нет','нет','нет','нет','нет','нет',0,'нет',3,3,1,2,1),(61,'1-к квартира, 42 м², 13/14 эт.',1500,'Амурская область, Благовещенск, Октябрьская ул., 197','0','2020-09-08','https://www.avito.ru/amurskaya_oblast_blagoveschensk/kvartiry/1-k_kvartira_42_m_1314_et._1068902593','16325','1068902593','Кристина','https://www.avito.ru/user/19aa10ce86c9dfefeab3689d7b88fd39/profile?id=1068902593&src=item&page_from=from_item_card&iid=1068902593','13','14','1','нет','42','нет','нет','нет','нет','нет','нет','нет',0,'нет',3,3,1,2,1),(62,'1-к квартира, 34 м², 1/4 эт.',2000,'Амурская область, Благовещенск, ул. Ленина, 89','0','2020-09-08','https://www.avito.ru/amurskaya_oblast_blagoveschensk/kvartiry/1-k_kvartira_34_m_14_et._772612647','59812','772612647','Олеся','https://www.avito.ru/user/e24f23098d77b82b111af9617913fc19/profile?id=772612647&src=item&page_from=from_item_card&iid=772612647','1','4','1','нет','34','6','нет','нет','нет','нет','нет','нет',0,'нет',3,3,1,2,1),(63,'Студия, 20 м², 1/5 эт.',1000,'Амурская область, Благовещенск, Красноармейская ул., 74','0','2020-09-08','https://www.avito.ru/amurskaya_oblast_blagoveschensk/kvartiry/studiya_20_m_15_et._1796006058','18427','1796006058','Галина','https://www.avito.ru/user/f8a746b838381ff3cd41bffd17c89ebf/profile?id=1796006058&src=item&page_from=from_item_card&iid=1796006058','1','5','студия','15','20','5','нет','нет','нет','нет','нет','нет',0,'нет',7,3,1,2,1),(64,'Студия, 24 м², 2/3 эт.',800,'Амурская область, Благовещенск, Красноармейская ул., 74','0','2020-09-08','https://www.avito.ru/amurskaya_oblast_blagoveschensk/kvartiry/studiya_24_m_23_et._1087138127','22422','1087138127','Настя','https://www.avito.ru/user/bc947d159cbdce224a3101994fa0f736/profile?id=1087138127&src=item&page_from=from_item_card&iid=1087138127','2','3','студия','20','24','2','нет','нет','нет','нет','нет','нет',0,'нет',7,3,1,2,1),(65,'1-к квартира, 41 м², 1/14 эт.',1800,'Амурская область, Благовещенск, ул. Воронкова, 26','0','2020-09-08','https://www.avito.ru/amurskaya_oblast_blagoveschensk/kvartiry/1-k_kvartira_41_m_114_et._1988254842','324','1988254842','КСЕНИЯ','https://www.avito.ru/user/7fd124049f70ddcc74967cc680854dee/profile?id=1988254842&src=item&page_from=from_item_card&iid=1988254842','1','14','1','30','41','10','нет','нет','нет','нет','нет','нет',0,'нет',3,3,1,2,1),(66,'1-к квартира, 42 м², 5/14 эт.',1300,'Амурская область, Благовещенск, Игнатьевское ш., 12/2','0','2020-09-08','https://www.avito.ru/amurskaya_oblast_blagoveschensk/kvartiry/1-k_kvartira_42_m_514_et._1642350482','33659','1642350482','Олег','https://www.avito.ru/user/f2334be6e28368050fa7e83b6bf44417/profile?id=1642350482&src=item&page_from=from_item_card&iid=1642350482','5','14','1','30','42','7','нет','нет','нет','нет','нет','нет',0,'нет',3,3,1,2,1),(67,'2-к квартира, 50 м², 3/5 эт.',26000,'Амурская область, Благовещенск, ул. Мухина, 87/1','0','2020-09-08','https://www.avito.ru/amurskaya_oblast_blagoveschensk/kvartiry/2-k_kvartira_50_m_35_et._1924490016','1313','1924490016','amurdasc','https://www.avito.ru/user/20cbdc2d9ad01d264f0f5da71711b3eb/profile?id=1924490016&src=item&page_from=from_item_card&iid=1924490016','3','5','2','нет','50','нет','нет','нет','нет','нет','нет','нет',1,'нет',3,2,1,1,1),(68,'1-к квартира, 42 м², 3/12 эт.',1800,'Амурская область, Благовещенск, ул. Горького, 154','0','2020-09-02','https://www.avito.ru/amurskaya_oblast_blagoveschensk/kvartiry/1-k_kvartira_42_m_312_et._1882209065','3095','1882209065','собственник','https://www.avito.ru/user/8b3e7ed134a1bbaa67ec145183e53c83/profile?id=1882209065&src=item&page_from=from_item_card&iid=1882209065','3','12','1','нет','42','18','нет','нет','нет','нет','нет','нет',0,'нет',3,3,1,2,1),(69,'2-к квартира, 48 м², 2/4 эт.',18000,'Амурская область, Благовещенск, Пролетарская ул., 75','0','2020-09-08','https://www.avito.ru/amurskaya_oblast_blagoveschensk/kvartiry/2-k_kvartira_48_m_24_et._1908513850','3627','1908513850','Светлана','https://www.avito.ru/user/f21b48aa587d776d38df9fa54982ae3f9ada0d3806ceaf076bfc7d9c4aecf890/profile?id=1908513850&src=item&page_from=from_item_card&iid=1908513850','2','4','2','40','48','8','нет','нет','нет','нет','нет','нет',0,'нет',3,2,1,1,1),(70,'1-к квартира, 37.2 м², 4/12 эт.',1500,'Амурская область, Благовещенск, ул. Горького, 64','0','2020-09-08','https://www.avito.ru/amurskaya_oblast_blagoveschensk/kvartiry/1-k_kvartira_37.2_m_412_et._1853580371','1965','1853580371','Ольга','https://www.avito.ru/user/66251b717a03a7806e1e656f3082aae7/profile?id=1853580371&src=item&page_from=from_item_card&iid=1853580371','4','12','1','нет','37,2','нет','нет','нет','нет','нет','нет','нет',0,'нет',3,3,1,2,1),(71,'1-к квартира, 36 м², 3/5 эт.',20000,'Амурская область, Благовещенск, ул. Горького, 150','0','2020-09-08','https://www.avito.ru/amurskaya_oblast_blagoveschensk/kvartiry/1-k_kvartira_36_m_35_et._1975278382','1482','1975278382','Elena','https://www.avito.ru/user/83596a4d5762cf877174aa30f287271a7133baf0c10bd881aa4bfe1e7f9ce437/profile?id=1975278382&src=item&page_from=from_item_card&iid=1975278382','3','5','1','18','36','9','нет','нет','нет','нет','нет','нет',0,'нет',3,2,1,1,1),(72,'Студия, 31 м², 9/9 эт.',2000,'Амурская область, Белогорск, Парковый пер., 8','0','2020-09-08','https://www.avito.ru/amurskaya_oblast_belogorsk/kvartiry/studiya_31_m_99_et._1817004266','7433','1817004266','Дмитрий','https://www.avito.ru/user/8c42d6eeb5642d488e21843964c9723c/profile?id=1817004266&src=item&page_from=from_item_card&iid=1817004266','9','9','студия','20','31','нет','нет','нет','нет','нет','нет','нет',0,'нет',7,3,1,2,1),(73,'Студия, 35 м², 10/10 эт.',1800,'Амурская область, Благовещенск, ул. Шевченко, 70','0','2020-09-08','https://www.avito.ru/amurskaya_oblast_blagoveschensk/kvartiry/studiya_35_m_1010_et._1975021194','2361','1975021194','Алина','https://www.avito.ru/user/319baa070e1f2fbde43614b21700be48/profile?id=1975021194&src=item&page_from=from_item_card&iid=1975021194','10','10','студия','15','35','10','нет','нет','нет','нет','нет','нет',0,'нет',7,3,1,2,1),(74,'1-к квартира, 30 м², 2/3 эт.',13000,'Амурская область, Белогорск, ул. 50 лет Комсомола, 98Г','0','2020-09-08','https://www.avito.ru/amurskaya_oblast_belogorsk/kvartiry/1-k_kvartira_30_m_23_et._1925642199','818','1925642199','Сергей Меркулов','https://www.avito.ru/user/294faf5679a828f94054855632cb7aca/profile?id=1925642199&src=item&page_from=from_item_card&iid=1925642199','2','3','1','нет','30','нет','нет','нет','нет','нет','нет','нет',0,'нет',3,2,1,2,1),(75,'1-к квартира, 34 м², 7/9 эт.',1400,'Амурская область, Благовещенск, Октябрьская ул., 221','0','2020-09-03','https://www.avito.ru/amurskaya_oblast_blagoveschensk/kvartiry/1-k_kvartira_34_m_79_et._1860466767','4857','1860466767','Виталий','https://www.avito.ru/user/3a103d7cb10cda50aa1b59e11a7a81ed/profile?id=1860466767&src=item&page_from=from_item_card&iid=1860466767','7','9','1','16','34','6','нет','нет','нет','нет','нет','нет',0,'нет',3,3,1,2,1),(76,'1-к квартира, 40 м², 2/14 эт.',17000,'Амурская область, Благовещенск, Игнатьевское ш., 14/13','0','2020-09-08','https://www.avito.ru/amurskaya_oblast_blagoveschensk/kvartiry/1-k_kvartira_40_m_214_et._1978888611','1642','1978888611','Илья','https://www.avito.ru/user/650da8fef0291f77ca4c97e6f43318bf/profile?id=1978888611&src=item&page_from=from_item_card&iid=1978888611','2','14','1','28','40','12','нет','нет','нет','нет','нет','нет',1,'нет',3,2,1,2,1),(77,'1-к квартира, 38 м², 12/19 эт.',1600,'Амурская область, Благовещенск, Зейская ул., 222','0','2020-09-08','https://www.avito.ru/amurskaya_oblast_blagoveschensk/kvartiry/1-k_kvartira_38_m_1219_et._1939225496','2301','1939225496','Квартиры посуточно','https://www.avito.ru/i33904277?gdlkerfdnwq=101&shopId=203759&page_from=from_item_card&iid=1939225496','12','19','1','нет','38','нет','нет','нет','нет','нет','нет','нет',0,'нет',3,3,1,2,1),(78,'1-к квартира, 51 м², 5/11 эт.',4200000,'Амурская область, Благовещенск, Красноармейская ул., 188/2','0','2020-09-08','https://www.avito.ru/amurskaya_oblast_blagoveschensk/kvartiry/1-k_kvartira_51_m_511_et._1888240708','2089','1888240708','Агенство недвижимости  \"Ключи\"','https://www.avito.ru/an_klyuchi?gdlkerfdnwq=101&shopId=266470&page_from=from_item_card&iid=1888240708','5','11','1','нет','51','нет','нет','нет','нет','нет','нет','нет',0,'посредни',3,1,1,2,1),(79,'4-к квартира, 138.8 м², 15/15 эт.',12080000,'Амурская область, Благовещенск, Политехническая ул., 1','1','2020-09-08','https://www.avito.ru/amurskaya_oblast_blagoveschensk/kvartiry/4-k_kvartira_138.8_m_1515_et._1967174382','1708','1967174382','Евгений','https://www.avito.ru/user/c1908a51e1678d203a21c81c26e027ec/profile?id=1967174382&src=item&page_from=from_item_card&iid=1967174382','15','15','4','нет','138,8','15,9','нет','черновая','нет','нет','нет','нет',0,'нет',3,1,1,2,1),(80,'Студия, 35 м², 10/10 эт.',3300000,'Амурская область, Благовещенск, Тополиная ул., 82','1','2020-09-08','https://www.avito.ru/amurskaya_oblast_blagoveschensk/kvartiry/studiya_35_m_1010_et._1983110453','1905','1983110453','Виктор','https://www.avito.ru/user/f1e7f48835677897c541d53ac4bcdb26ea436a32da6b9868e386750a2bc97228/profile?id=1983110453&src=item&page_from=from_item_card&iid=1983110453','10','10','студия','нет','35','нет','нет','чистовая','нет','нет','нет','нет',0,'нет',7,1,1,2,1),(81,'2-к квартира, 56.3 м², 9/9 эт.',5300000,'Амурская область, Благовещенск, ул. Лазо, 55','0','2020-09-08','https://www.avito.ru/amurskaya_oblast_blagoveschensk/kvartiry/2-k_kvartira_56.3_m_99_et._1994142080','1764','1994142080','ООО \"РиэлтЭксперт\"','https://www.avito.ru/i148299212?gdlkerfdnwq=101&shopId=217829&page_from=from_item_card&iid=1994142080','9','9','2','17,9','56,3','24','нет','нет','нет','нет','нет','нет',1,'посредни',3,1,1,2,1),(82,'1-к квартира, 31.8 м², 1/5 эт.',1900000,'Амурская область, Белогорск, Почтовая ул., 16','0','2020-09-08','https://www.avito.ru/amurskaya_oblast_belogorsk/kvartiry/1-k_kvartira_31.8_m_15_et._1924150195','3210','1924150195','\"ВЕРТИКАЛЬ\" Агентство недвижимости','https://www.avito.ru/anvertikalbel?gdlkerfdnwq=101&shopId=128378&page_from=from_item_card&iid=1924150195','1','5','1','17,9','31,8','6,5','нет','нет','нет','нет','нет','нет',1,'посредни',3,1,1,2,1),(83,'2-к квартира, 46.2 м², 5/5 эт.',3550000,'Амурская область, Благовещенск, Политехническая ул., 35','0','2020-09-08','https://www.avito.ru/amurskaya_oblast_blagoveschensk/kvartiry/2-k_kvartira_46.2_m_55_et._1979267560','1008','1979267560','Дом Недвижимости \"ГЕОМЕТРИЯ\"','https://www.avito.ru/geometria?gdlkerfdnwq=101&shopId=267743&page_from=from_item_card&iid=1979267560','5','5','2','нет','46,2','нет','нет','нет','нет','нет','нет','нет',0,'посредни',3,1,1,1,1),(84,'1-к квартира, 54 м², 3/3 эт.',3000000,'с. Чигири, ул. Магистральная, д. 5','1','2020-09-08','https://www.avito.ru/amurskaya_oblast_blagoveschensk/kvartiry/1-k_kvartira_54_m_33_et._1915040575','2175','1915040575','Дом Недвижимости \"ГЕОМЕТРИЯ\"','https://www.avito.ru/geometria?gdlkerfdnwq=101&shopId=267743&page_from=from_item_card&iid=1915040575','3','3','1','нет','54','нет','нет','чистовая','ООО «СЗ Усадьба»','ЖК «Гражданский»','нет','нет',0,'нет',3,1,1,2,1),(85,'1-к квартира, 38 м², 8/10 эт.',3420000,'Амурская область, Благовещенский р-н, с. Чигири, ул. Василенко, 3','0','2020-09-08','https://www.avito.ru/amurskaya_oblast_blagoveschensk/kvartiry/1-k_kvartira_38_m_810_et._1888627865','9844','1888627865','РИЭЛТКОМ','https://www.avito.ru/i92717122?gdlkerfdnwq=101&shopId=65413&page_from=from_item_card&iid=1888627865','8','10','1','нет','38','нет','нет','нет','нет','нет','нет','нет',1,'собственни',3,1,1,2,1),(86,'1-к квартира, 35 м², 8/10 эт.',2800000,'Амурская область, Благовещенск, ул. Василенко','0','2020-09-08','https://www.avito.ru/amurskaya_oblast_blagoveschensk/kvartiry/1-k_kvartira_35_m_810_et._1888900850','3637','1888900850','РИЭЛТКОМ','https://www.avito.ru/i92717122?gdlkerfdnwq=101&shopId=65413&page_from=from_item_card&iid=1888900850','8','10','1','нет','35','нет','нет','нет','нет','нет','нет','нет',0,'собственни',3,1,1,2,1),(87,'2-к квартира, 53 м², 5/10 эт.',4190000,'Амурская область, Благовещенский р-н, с. Чигири, ул. Василенко, 3','0','2020-09-08','https://www.avito.ru/amurskaya_oblast_blagoveschensk/kvartiry/2-k_kvartira_53_m_510_et._1952466603','1655','1952466603','РИЭЛТКОМ','https://www.avito.ru/i92717122?gdlkerfdnwq=101&shopId=65413&page_from=from_item_card&iid=1952466603','5','10','2','нет','53','нет','нет','нет','нет','нет','нет','нет',0,'собственни',3,1,1,2,1),(88,'1-к квартира, 43.2 м², 7/14 эт.',3900000,'Амурская область, Благовещенск, Игнатьевское ш., 14/4','0','2020-09-08','https://www.avito.ru/amurskaya_oblast_blagoveschensk/kvartiry/1-k_kvartira_43.2_m_714_et._1947890732','1099','1947890732','Дом Недвижимости \"ГЕОМЕТРИЯ\"','https://www.avito.ru/geometria?gdlkerfdnwq=101&shopId=267743&page_from=from_item_card&iid=1947890732','7','14','1','нет','43,2','нет','нет','нет','нет','нет','нет','нет',0,'посредни',3,1,1,5,1),(89,'4-к квартира, 76 м², 2/5 эт.',3790000,'Амурская область, Благовещенск, ул. Чайковского, 211','0','2020-09-08','https://www.avito.ru/amurskaya_oblast_blagoveschensk/kvartiry/4-k_kvartira_76_m_25_et._1979816164','1808','1979816164','Дом Недвижимости \"ГЕОМЕТРИЯ\"','https://www.avito.ru/geometria?gdlkerfdnwq=101&shopId=267743&page_from=from_item_card&iid=1979816164','2','5','4','нет','76','нет','нет','нет','нет','нет','нет','нет',0,'посредни',3,1,1,2,1),(90,'2-к квартира, 50 м², 10/14 эт.',3700000,'Амурская область, Благовещенск, ул. Калинина, 150','0','2020-09-08','https://www.avito.ru/amurskaya_oblast_blagoveschensk/kvartiry/2-k_kvartira_50_m_1014_et._1979017884','1289','1979017884','Дом Недвижимости \"ГЕОМЕТРИЯ\"','https://www.avito.ru/geometria?gdlkerfdnwq=101&shopId=267743&page_from=from_item_card&iid=1979017884','10','14','2','нет','50','нет','нет','нет','нет','нет','нет','нет',0,'посредни',3,1,1,2,1),(91,'1-к квартира, 30.6 м², 2/5 эт.',3200000,'Амурская область, Благовещенск, ул. Островского, 12','0','2020-09-08','https://www.avito.ru/amurskaya_oblast_blagoveschensk/kvartiry/1-k_kvartira_30.6_m_25_et._1979414489','1091','1979414489','Дом Недвижимости \"ГЕОМЕТРИЯ\"','https://www.avito.ru/geometria?gdlkerfdnwq=101&shopId=267743&page_from=from_item_card&iid=1979414489','2','5','1','нет','30,6','нет','нет','нет','нет','нет','нет','нет',0,'посредни',3,1,1,2,1),(92,'1-к квартира, 43.4 м², 2/11 эт.',4370000,'Амурская область, Благовещенск, Красноармейская ул., 164','0','2020-09-08','https://www.avito.ru/amurskaya_oblast_blagoveschensk/kvartiry/1-k_kvartira_43.4_m_211_et._2011908108','352','2011908108','Дом Недвижимости \"ГЕОМЕТРИЯ\"','https://www.avito.ru/geometria?gdlkerfdnwq=101&shopId=267743&page_from=from_item_card&iid=2011908108','2','11','1','нет','43,4','нет','нет','нет','нет','нет','нет','нет',0,'посредни',3,1,1,2,1),(93,'1-к квартира, 42.6 м², 13/14 эт.',4470000,'Амурская область, Благовещенск, Новая ул., 44','0','2020-09-08','https://www.avito.ru/amurskaya_oblast_blagoveschensk/kvartiry/1-k_kvartira_42.6_m_1314_et._2011788444','355','2011788444','Дом Недвижимости \"ГЕОМЕТРИЯ\"','https://www.avito.ru/geometria?gdlkerfdnwq=101&shopId=267743&page_from=from_item_card&iid=2011788444','13','14','1','нет','42,6','нет','нет','нет','нет','нет','нет','нет',0,'посредни',3,1,1,5,1),(94,'1-к квартира, 41.8 м², 2/14 эт.',4200000,'Амурская область, Благовещенск, Игнатьевское ш., 14/5','0','2020-09-08','https://www.avito.ru/amurskaya_oblast_blagoveschensk/kvartiry/1-k_kvartira_41.8_m_214_et._2011713895','684','2011713895','Дом Недвижимости \"ГЕОМЕТРИЯ\"','https://www.avito.ru/geometria?gdlkerfdnwq=101&shopId=267743&page_from=from_item_card&iid=2011713895','2','14','1','16,1','41,8','12,8','нет','нет','нет','нет','нет','нет',0,'посредни',3,1,1,2,1),(95,'1-к квартира, 50 м², 3/9 эт.',4299000,'Амурская область, Благовещенск, Железнодорожная ул., 4','0','2020-09-08','https://www.avito.ru/amurskaya_oblast_blagoveschensk/kvartiry/1-k_kvartira_50_m_39_et._2011142319','362','2011142319','Дом Недвижимости \"ГЕОМЕТРИЯ\"','https://www.avito.ru/geometria?gdlkerfdnwq=101&shopId=267743&page_from=from_item_card&iid=2011142319','3','9','1','нет','50','нет','нет','нет','нет','нет','нет','нет',0,'посредни',3,1,1,2,1),(96,'2-к квартира, 36 м², 1/5 эт.',3200000,'Амурская область, Благовещенск, Студенческая ул., 34/3','0','2020-09-08','https://www.avito.ru/amurskaya_oblast_blagoveschensk/kvartiry/2-k_kvartira_36_m_15_et._1979057658','973','1979057658','Дом Недвижимости \"ГЕОМЕТРИЯ\"','https://www.avito.ru/geometria?gdlkerfdnwq=101&shopId=267743&page_from=from_item_card&iid=1979057658','1','5','2','нет','36','нет','нет','нет','нет','нет','нет','нет',0,'посредни',3,1,1,1,1),(97,'1-к квартира, 33.6 м², 5/9 эт.',3100000,'Амурская область, Благовещенск, ул. Воронкова, 10','0','2020-09-08','https://www.avito.ru/amurskaya_oblast_blagoveschensk/kvartiry/1-k_kvartira_33.6_m_59_et._2010961600','837','2010961600','Дом Недвижимости \"ГЕОМЕТРИЯ\"','https://www.avito.ru/geometria?gdlkerfdnwq=101&shopId=267743&page_from=from_item_card&iid=2010961600','5','9','1','нет','33,6','6','нет','нет','нет','нет','нет','нет',0,'посредни',3,1,1,1,1),(98,'2-к квартира, 56 м², 13/14 эт.',5400000,'Амурская область, Благовещенск, ул. Василенко, 20/3','0','2020-09-08','https://www.avito.ru/amurskaya_oblast_blagoveschensk/kvartiry/2-k_kvartira_56_m_1314_et._1947930547','1666','1947930547','Дом Недвижимости \"ГЕОМЕТРИЯ\"','https://www.avito.ru/geometria?gdlkerfdnwq=101&shopId=267743&page_from=from_item_card&iid=1947930547','13','14','2','нет','56','нет','нет','нет','нет','нет','нет','нет',0,'посредни',3,1,1,2,1),(99,'2-к квартира, 53.2 м², 3/5 эт.',3900000,'Амурская область, Благовещенск, ул. Калинина, 76/2','0','2020-09-08','https://www.avito.ru/amurskaya_oblast_blagoveschensk/kvartiry/2-k_kvartira_53.2_m_35_et._1979625480','1302','1979625480','Дом Недвижимости \"ГЕОМЕТРИЯ\"','https://www.avito.ru/geometria?gdlkerfdnwq=101&shopId=267743&page_from=from_item_card&iid=1979625480','3','5','2','нет','53,2','нет','нет','нет','нет','нет','нет','нет',0,'посредни',3,1,1,1,1),(100,'2-к квартира, 44 м², 2/4 эт.',3400000,'Амурская область, Благовещенск, ул. Богдана Хмельницкого, 67','0','2020-09-08','https://www.avito.ru/amurskaya_oblast_blagoveschensk/kvartiry/2-k_kvartira_44_m_24_et._1998388167','1493','1998388167','Жанна','https://www.avito.ru/user/668af1dbf19856ee18247481751c3f93772864d4680af9ad7d08236c81619f7a/profile?id=1998388167&src=item&page_from=from_item_card&iid=1998388167','2','4','2','нет','44','нет','нет','нет','нет','нет','нет','нет',0,'собственни',3,1,1,2,1),(101,'2-к квартира, 50.6 м², 5/5 эт.',3150000,'Амурская область, Благовещенск, посёлок Астрахановка, Садовая ул., 53','0','2020-09-08','https://www.avito.ru/amurskaya_oblast_blagoveschensk/kvartiry/2-k_kvartira_50.6_m_55_et._1915730620','1763','1915730620','Дом Недвижимости \"ГЕОМЕТРИЯ\"','https://www.avito.ru/geometria?gdlkerfdnwq=101&shopId=267743&page_from=from_item_card&iid=1915730620','5','5','2','нет','50,6','7','нет','нет','нет','нет','нет','нет',0,'посредни',3,1,1,1,1),(102,'2-к квартира, 48.9 м², 4/5 эт.',3830000,'Амурская область, Благовещенск, 2-й микрорайон, ул. Кантемирова, 6','0','2020-09-08','https://www.avito.ru/amurskaya_oblast_blagoveschensk/kvartiry/2-k_kvartira_48.9_m_45_et._1979579825','1540','1979579825','Дом Недвижимости \"ГЕОМЕТРИЯ\"','https://www.avito.ru/geometria?gdlkerfdnwq=101&shopId=267743&page_from=from_item_card&iid=1979579825','4','5','2','нет','48,9','нет','нет','нет','нет','нет','нет','нет',0,'посредни',3,1,1,1,1),(103,'1-к квартира, 42.7 м², 5/5 эт.',3650000,'Амурская область, Благовещенск, Первомайская ул., 49','0','2020-09-08','https://www.avito.ru/amurskaya_oblast_blagoveschensk/kvartiry/1-k_kvartira_42.7_m_55_et._1979208758','1371','1979208758','Дом Недвижимости \"ГЕОМЕТРИЯ\"','https://www.avito.ru/geometria?gdlkerfdnwq=101&shopId=267743&page_from=from_item_card&iid=1979208758','5','5','1','нет','42,7','нет','нет','нет','нет','нет','нет','нет',0,'посредни',3,1,1,1,1),(104,'2-к квартира, 46 м², 3/5 эт.',3550000,'Амурская область, Благовещенск, ул. Ленина, 283/1','0','2020-09-08','https://www.avito.ru/amurskaya_oblast_blagoveschensk/kvartiry/2-k_kvartira_46_m_35_et._1979045536','1277','1979045536','Дом Недвижимости \"ГЕОМЕТРИЯ\"','https://www.avito.ru/geometria?gdlkerfdnwq=101&shopId=267743&page_from=from_item_card&iid=1979045536','3','5','2','нет','46','нет','нет','нет','нет','нет','нет','нет',0,'посредни',3,1,1,2,1),(105,'2-к квартира, 48.8 м², 5/5 эт.',3850000,'Амурская область, Благовещенск, ул. Мухина, 85','0','2020-09-08','https://www.avito.ru/amurskaya_oblast_blagoveschensk/kvartiry/2-k_kvartira_48.8_m_55_et._1979090419','821','1979090419','Дом Недвижимости \"ГЕОМЕТРИЯ\"','https://www.avito.ru/geometria?gdlkerfdnwq=101&shopId=267743&page_from=from_item_card&iid=1979090419','5','5','2','нет','48,8','нет','нет','нет','нет','нет','нет','нет',0,'посредни',3,1,1,1,1),(106,'Студия, 26.2 м², 9/9 эт.',2650000,'Амурская область, Благовещенск, Батарейная ул., 7/1','0','2020-09-08','https://www.avito.ru/amurskaya_oblast_blagoveschensk/kvartiry/studiya_26.2_m_99_et._1979583851','965','1979583851','Дом Недвижимости \"ГЕОМЕТРИЯ\"','https://www.avito.ru/geometria?gdlkerfdnwq=101&shopId=267743&page_from=from_item_card&iid=1979583851','9','9','студия','нет','26,2','нет','нет','нет','нет','нет','нет','нет',0,'посредни',7,1,1,2,1),(107,'3-к квартира, 42 м², 1/2 эт.',1450000,'Амурская область, Тамбовский р-н, с. Тамбовка, Ленинская ул., 99','0','2020-09-08','https://www.avito.ru/amurskaya_oblast_tambovka/kvartiry/3-k_kvartira_42_m_12_et._1922420459','1538','1922420459','АмурНедвижимость','https://www.avito.ru/amur_nedvigimost?gdlkerfdnwq=101&shopId=264854&page_from=from_item_card&iid=1922420459','1','2','3','31,5','42','5,5','нет','нет','нет','нет','нет','нет',1,'посредни',3,1,1,2,1),(108,'2-к квартира, 44.1 м², 2/5 эт.',2550000,'Амурская область, Белогорск, 1-я Вокзальная ул., 9','0','2020-09-08','https://www.avito.ru/amurskaya_oblast_belogorsk/kvartiry/2-k_kvartira_44.1_m_25_et._1796177990','8072','1796177990','\"ВЕРТИКАЛЬ\" Агентство недвижимости','https://www.avito.ru/anvertikalbel?gdlkerfdnwq=101&shopId=128378&page_from=from_item_card&iid=1796177990','2','5','2','29,4','44,1','6','нет','нет','нет','нет','нет','нет',1,'посредни',3,1,1,2,1),(109,'1-к квартира, 20 м², 3/5 эт.',2300000,'Амурская область, Благовещенск, Институтская ул., 30/1','0','2020-09-08','https://www.avito.ru/amurskaya_oblast_blagoveschensk/kvartiry/1-k_kvartira_20_m_35_et._1859217041','579','1859217041','Alberona','https://www.avito.ru/user/66ff313da22e20039a22b41d856ba82e453c747d2af0abe1190f6803fbac075d/profile?id=1859217041&src=item&page_from=from_item_card&iid=1859217041','3','5','1','13,1','20','5','нет','нет','нет','нет','нет','нет',0,'собственни',3,1,1,1,1),(110,'3-к квартира, 73.5 м², 3/3 эт.',4500000,'Амурская область, Благовещенский р-н, с. Чигири, Центральная ул., 35/2','0','2020-09-08','https://www.avito.ru/amurskaya_oblast_blagoveschensk/kvartiry/3-k_kvartira_73.5_m_33_et._1919862296','1151','1919862296','Федеральная риэлторская компания \"Этажи\"','https://www.avito.ru/blag_etagi?gdlkerfdnwq=101&shopId=59904&page_from=from_item_card&iid=1919862296','3','3','3','нет','73,5','нет','нет','нет','нет','нет','нет','нет',0,'посредни',3,1,1,2,1),(111,'2-к квартира, 80 м², 4/20 эт.',11800000,'Амурская область, Благовещенск, Краснофлотская ул., 123','0','2020-09-08','https://www.avito.ru/amurskaya_oblast_blagoveschensk/kvartiry/2-k_kvartira_80_m_420_et._1991111148','334','1991111148','Частное лицо','https://www.avito.ru/user/8e9e9e1f09904b3f432dae7a124bf95a/profile?id=1991111148&src=item&page_from=from_item_card&iid=1991111148','4','20','2','нет','80','30','нет','нет','нет','нет','нет','нет',1,'посредни',3,1,1,5,1),(112,'1-к квартира, 43 м², 4/10 эт.',3999999,'Амурская область, Благовещенск, ул. Строителей, 70','0','2020-09-06','https://www.avito.ru/amurskaya_oblast_blagoveschensk/kvartiry/1-k_kvartira_43_m_410_et._1980245713','4598','1980245713','антон','https://www.avito.ru/user/faae9c456cec50f73f3cfbc740f892de/profile?id=1980245713&src=item&page_from=from_item_card&iid=1980245713','4','10','1','нет','43','нет','нет','нет','нет','нет','нет','нет',1,'собственни',3,1,1,2,1),(113,'4-к квартира, 69.5 м², 5/5 эт.',5300000,'Амурская область, Благовещенск, Партизанская ул., 22','0','2020-09-06','https://www.avito.ru/amurskaya_oblast_blagoveschensk/kvartiry/4-k_kvartira_69.5_m_55_et._2002134370','675','2002134370','Konstantin','https://www.avito.ru/user/f74db2ab813109b20527d259fb3bf3bc3dcdcdeb40ce355b900694e6325ca43b/profile?id=2002134370&src=item&page_from=from_item_card&iid=2002134370','5','5','4','нет','69,5','14','нет','нет','нет','нет','нет','нет',1,'собственни',3,1,1,1,1),(114,'3-к квартира, 90 м², 1/1 эт.',1700000,'Амурская область, Константиновский р-н, с. Константиновка, Строительный пер., 1','0','2020-09-08','https://www.avito.ru/amurskaya_oblast_tambovka/kvartiry/3-k_kvartira_90_m_11_et._1957322145','1019','1957322145','Andy','https://www.avito.ru/user/7895d2f1ed498b7ff406ec59c45eb767d0eaf238817fab9f864ed9ddae0fcaf4/profile?id=1957322145&src=item&page_from=from_item_card&iid=1957322145','1','1','3','75','90','15','нет','нет','нет','нет','нет','нет',1,'собственни',3,1,1,2,1),(115,'Студия, 27.4 м², 3/10 эт.',2466000,'Амурская область, Благовещенский р-н, с. Чигири, ул. Василенко, 3','0','2020-09-06','https://www.avito.ru/amurskaya_oblast_blagoveschensk/kvartiry/studiya_27.4_m_310_et._1952213347','2362','1952213347','РИЭЛТКОМ','https://www.avito.ru/i92717122?gdlkerfdnwq=101&shopId=65413&page_from=from_item_card&iid=1952213347','3','10','студия','нет','27,4','нет','нет','нет','нет','нет','нет','нет',1,'собственни',7,1,1,2,1),(116,'2-к квартира, 62.3 м², 5/12 эт.',5500000,'Амурская область, Благовещенск, Зейская ул., 33','0','2020-09-08','https://www.avito.ru/amurskaya_oblast_blagoveschensk/kvartiry/2-k_kvartira_62.3_m_512_et._1977492735','1067','1977492735','\"Перспектива 24\" Федеральный оператор недвижимости','https://www.avito.ru/i36545243?gdlkerfdnwq=101&shopId=144695&page_from=from_item_card&iid=1977492735','5','12','2','нет','62,3','8,7','нет','нет','нет','нет','нет','нет',0,'посредни',3,1,1,2,1),(117,'4-к квартира, 100 м², 5/6 эт.',7100000,'Амурская область, Благовещенск, Артиллерийская ул., 67','0','2020-09-08','https://www.avito.ru/amurskaya_oblast_blagoveschensk/kvartiry/4-k_kvartira_100_m_56_et._2011745258','648','2011745258','Дом Недвижимости \"ГЕОМЕТРИЯ\"','https://www.avito.ru/geometria?gdlkerfdnwq=101&shopId=267743&page_from=from_item_card&iid=2011745258','5','6','4','нет','100','12','нет','нет','нет','нет','нет','нет',0,'посредни',3,1,1,2,1),(118,'3-к квартира, 60 м², 3/5 эт.',5150000,'Амурская область, Благовещенск, ул. Ленина, 74','0','2020-09-08','https://www.avito.ru/amurskaya_oblast_blagoveschensk/kvartiry/3-k_kvartira_60_m_35_et._1945659946','1350','1945659946','\"Перспектива 24\" Федеральный оператор недвижимости','https://www.avito.ru/i36545243?gdlkerfdnwq=101&shopId=144695&page_from=from_item_card&iid=1945659946','3','5','3','нет','60','6','нет','нет','нет','нет','нет','нет',0,'посредни',3,1,1,2,1),(119,'3-к квартира, 82 м², 2/4 эт.',2200000,'Амурская область, г.о. Благовещенск, с. Белогорье, Заводская ул., 6','0','2020-09-07','https://www.avito.ru/amurskaya_oblast_blagoveschensk/kvartiry/3-k_kvartira_82_m_24_et._1952467108','1192','1952467108','РИЭЛТКОМ','https://www.avito.ru/i92717122?gdlkerfdnwq=101&shopId=65413&page_from=from_item_card&iid=1952467108','2','4','3','нет','82','нет','нет','нет','нет','нет','нет','нет',1,'собственни',3,1,1,2,1),(120,'2-к квартира, 62 м², 9/10 эт.',6717000,'Амурская область, Благовещенск, Комсомольская ул., 48','1','2020-09-07','https://www.avito.ru/amurskaya_oblast_blagoveschensk/kvartiry/2-k_kvartira_62_m_910_et._1953466556','1644','1953466556','Агентство недвижимости «Империя»','https://www.avito.ru/imperia28?gdlkerfdnwq=101&shopId=52959&page_from=from_item_card&iid=1953466556','9','10','2','нет','62','12,8','нет','черновая','нет','нет','нет','нет',0,'нет',3,1,1,2,1),(121,'1-к квартира, 39 м², 10/10 эт.',4250000,'Амурская область, Благовещенск, ул. Василенко, 3/2','0','2020-09-06','https://www.avito.ru/amurskaya_oblast_blagoveschensk/kvartiry/1-k_kvartira_39_m_1010_et._1794053958','14800','1794053958','Алёна','https://www.avito.ru/user/e67545a99199f8068bb24aff07986171/profile?id=1794053958&src=item&page_from=from_item_card&iid=1794053958','10','10','1','нет','39','нет','нет','нет','нет','нет','нет','нет',0,'собственни',3,1,1,2,1),(122,'2-к квартира, 43.4 м², 1/4 эт.',4100000,'Амурская область, Благовещенск, ул. Калинина, 38','0','2020-09-07','https://www.avito.ru/amurskaya_oblast_blagoveschensk/kvartiry/2-k_kvartira_43.4_m_14_et._1951278044','2007','1951278044','Федеральная риэлторская компания \"Этажи\"','https://www.avito.ru/blag_etagi?gdlkerfdnwq=101&shopId=59904&page_from=from_item_card&iid=1951278044','1','4','2','28,4','43,4','6,4','нет','нет','нет','нет','нет','нет',1,'посредни',3,1,1,2,1),(123,'2-к квартира, 46 м², 5/5 эт.',3550000,'Амурская область, Благовещенск, Амурская ул., 152','0','2020-09-08','https://www.avito.ru/amurskaya_oblast_blagoveschensk/kvartiry/2-k_kvartira_46_m_55_et._1855679754','3740','1855679754','Раритет','https://www.avito.ru/user/5de91eed1e5b8dde2860e99a15d42ecf/profile?id=1855679754&src=item&page_from=from_item_card&iid=1855679754','5','5','2','32','46','8','нет','нет','нет','нет','нет','нет',0,'посредни',3,1,1,1,1),(124,'2-к квартира, 48 м², 4/5 эт.',4450000,'Амурская область, Благовещенск, Кузнечная ул., 19','0','2020-09-05','https://www.avito.ru/amurskaya_oblast_blagoveschensk/kvartiry/2-k_kvartira_48_m_45_et._1902433678','3814','1902433678','Александр','https://www.avito.ru/user/cb38b9f015d7511048867e034178bb85c561a30e73a2f8de09b17948321113e9/profile?id=1902433678&src=item&page_from=from_item_card&iid=1902433678','4','5','2','нет','48','нет','нет','нет','нет','нет','нет','нет',1,'собственни',3,1,1,1,1),(125,'Дача 20 м² на участке 1 сот.',5500,'Амурская область, Благовещенск, ул. Ломоносова, 25','0','2020-09-08','https://www.avito.ru/amurskaya_oblast_blagoveschensk/doma_dachi_kottedzhi/dacha_20_m_na_uchastke_1_sot._1998195068','150','1998195068','Геннадий Ничиталюк','https://www.avito.ru/user/933d3e5b974fd531f545262ec60b81f4/profile?id=1998195068&src=item&page_from=from_item_card&iid=1998195068','нет','1','нет','нет','20','нет','нет','нет','нет','нет','1','в черте города',1,'нет',1,2,1,12,1),(126,'Дом 40 м² на участке 3 сот.',10000,'Амурская область, Благовещенск, Артиллерийская ул.','0','2020-09-08','https://www.avito.ru/amurskaya_oblast_blagoveschensk/doma_dachi_kottedzhi/dom_40_m_na_uchastke_3_sot._1235232896','6121','1235232896','Валентина','https://www.avito.ru/user/e95202eaae7ea669a2c2c25c7b7ee942/profile?id=1235232896&src=item&page_from=from_item_card&iid=1235232896','нет','1','нет','нет','40','нет','нет','нет','нет','нет','3','в черте города',0,'нет',2,2,1,8,1),(127,'Дом 55 м² на участке 3 сот.',20000,'Амурская область, Свободный, 1-я Залинейная ул.','0','2020-09-08','https://www.avito.ru/amurskaya_oblast_svobodnyy/doma_dachi_kottedzhi/dom_55_m_na_uchastke_3_sot._1954856768','1731','1954856768','Анастасия Краснова','https://www.avito.ru/user/2eca47aa16a726a0f04a7f2ce675f74e/profile?id=1954856768&src=item&page_from=from_item_card&iid=1954856768','нет','1','нет','нет','55','нет','нет','нет','нет','нет','3','в черте города',1,'нет',2,2,1,7,1),(128,'Дом 40 м² на участке 30 сот.',6000,'Амурская область, Благовещенск','0','2020-09-08','https://www.avito.ru/amurskaya_oblast_blagoveschensk/doma_dachi_kottedzhi/dom_40_m_na_uchastke_30_sot._1967702039','371','1967702039','Юлия','https://www.avito.ru/user/2c48496394fe16a67834950cad2b580c/profile?id=1967702039&src=item&page_from=from_item_card&iid=1967702039','нет','1','нет','нет','40','нет','нет','нет','нет','нет','30','в черте города',1,'нет',2,2,1,8,1),(129,'Дом 40 м² на участке 10 сот.',40000,'Амурская область, Свободный, ул. Малиновского','0','2020-09-02','https://www.avito.ru/amurskaya_oblast_svobodnyy/doma_dachi_kottedzhi/dom_40_m_na_uchastke_10_sot._1988998921','571','1988998921','So','https://www.avito.ru/user/0a4323808f540cec82a97d3047a22131/profile?id=1988998921&src=item&page_from=from_item_card&iid=1988998921','нет','1','нет','нет','40','нет','нет','нет','нет','нет','10','в черте города',1,'нет',2,2,1,7,1),(130,'Дом 42 м² на участке 12 сот.',55000,'Амурская область, Свободный, ул. Гоголя, 106','0','2020-09-02','https://www.avito.ru/amurskaya_oblast_svobodnyy/doma_dachi_kottedzhi/dom_42_m_na_uchastke_12_sot._1989117897','654','1989117897','So','https://www.avito.ru/user/0a4323808f540cec82a97d3047a22131/profile?id=1989117897&src=item&page_from=from_item_card&iid=1989117897','нет','1','нет','нет','42','нет','нет','нет','нет','нет','12','в черте города',1,'нет',2,2,1,7,1),(131,'Коттедж 230 м² на участке 10 сот.',6800000,'Амурская область, Благовещенск, Нагорная ул.','0','2020-09-07','https://www.avito.ru/amurskaya_oblast_blagoveschensk/doma_dachi_kottedzhi/kottedzh_230_m_na_uchastke_10_sot._1877062321','18183','1877062321','Юлия','https://www.avito.ru/user/2e995584845f938b2736ab3871cbefef/profile?id=1877062321&src=item&page_from=from_item_card&iid=1877062321','нет','2','нет','нет','230','нет','нет','нет','нет','нет','10','в черте города',0,'нет',4,1,1,6,1);
/*!40000 ALTER TABLE `ads` ENABLE KEYS */;
UNLOCK TABLES;

--
-- Table structure for table `adsbanned`
--

DROP TABLE IF EXISTS `adsbanned`;
/*!40101 SET @saved_cs_client     = @@character_set_client */;
/*!50503 SET character_set_client = utf8mb4 */;
CREATE TABLE `adsbanned` (
  `idAds` int(11) NOT NULL AUTO_INCREMENT,
  `name` varchar(150) NOT NULL,
  `price` int(11) NOT NULL,
  `addressFull` varchar(400) NOT NULL,
  `primary` varchar(20) NOT NULL,
  `date` date NOT NULL,
  `linkAd` varchar(600) NOT NULL,
  `views` varchar(45) NOT NULL,
  `idAdInSite` varchar(45) NOT NULL,
  `seller` varchar(200) NOT NULL,
  `linkSeller` varchar(600) NOT NULL,
  `floor` varchar(45) NOT NULL,
  `numberOfFloors` varchar(45) NOT NULL,
  `numberOfRooms` varchar(45) NOT NULL,
  `livingSpace` varchar(45) NOT NULL,
  `totalArea` varchar(45) NOT NULL,
  `kithenArea` varchar(45) NOT NULL,
  `yearOfConstruction` varchar(45) NOT NULL,
  `finishing` varchar(45) NOT NULL,
  `developer` varchar(300) NOT NULL,
  `nameOfTheNewBulding` varchar(300) NOT NULL,
  `thePlots` varchar(45) NOT NULL,
  `distanseToCity` varchar(45) NOT NULL,
  `online` tinyint(4) NOT NULL,
  `ownership` varchar(45) NOT NULL,
  `idKindOfProperty` int(11) NOT NULL,
  `species_idSpecie` int(11) NOT NULL,
  `lacality_idlacality` int(11) NOT NULL,
  `idMaterial` int(11) NOT NULL,
  `status` tinyint(4) NOT NULL DEFAULT '1',
  `dateOfCreate` datetime NOT NULL DEFAULT CURRENT_TIMESTAMP,
  `idOfOriginalAd` int(11) NOT NULL,
  PRIMARY KEY (`idAds`),
  UNIQUE KEY `linkAd_UNIQUE` (`linkAd`),
  KEY `fk_ads_buildingmaterials_idx` (`idMaterial`),
  KEY `fk_ads_kindOfPropertys1_idx` (`idKindOfProperty`),
  KEY `fk_ads_lacality1_idx` (`lacality_idlacality`),
  KEY `fk_ads_species1_idx` (`species_idSpecie`),
  KEY `fk_adsbanned_ads_idx` (`idOfOriginalAd`),
  CONSTRAINT `fk_adsbanned_ads` FOREIGN KEY (`idOfOriginalAd`) REFERENCES `ads` (`idAds`),
  CONSTRAINT `fk_adsbanned_buildingmaterials` FOREIGN KEY (`idMaterial`) REFERENCES `buildingmaterials` (`idMaterial`),
  CONSTRAINT `fk_adsbanned_kindOfPropertys1` FOREIGN KEY (`idKindOfProperty`) REFERENCES `kindofpropertys` (`idKindOfProperty`),
  CONSTRAINT `fk_adsbanned_lacality1` FOREIGN KEY (`lacality_idlacality`) REFERENCES `lacality` (`idlacality`) ON DELETE RESTRICT ON UPDATE RESTRICT,
  CONSTRAINT `fk_adsbanned_species1` FOREIGN KEY (`species_idSpecie`) REFERENCES `species` (`idSpecie`)
) ENGINE=InnoDB AUTO_INCREMENT=20 DEFAULT CHARSET=utf8mb4 COLLATE=utf8mb4_0900_ai_ci;
/*!40101 SET character_set_client = @saved_cs_client */;

--
-- Dumping data for table `adsbanned`
--

LOCK TABLES `adsbanned` WRITE;
/*!40000 ALTER TABLE `adsbanned` DISABLE KEYS */;
/*!40000 ALTER TABLE `adsbanned` ENABLE KEYS */;
UNLOCK TABLES;

--
-- Table structure for table `buildingmaterials`
--

DROP TABLE IF EXISTS `buildingmaterials`;
/*!40101 SET @saved_cs_client     = @@character_set_client */;
/*!50503 SET character_set_client = utf8mb4 */;
CREATE TABLE `buildingmaterials` (
  `idMaterial` int(11) NOT NULL AUTO_INCREMENT,
  `name` varchar(100) NOT NULL,
  PRIMARY KEY (`idMaterial`),
  UNIQUE KEY `idMaterial_UNIQUE` (`idMaterial`),
  UNIQUE KEY `name_UNIQUE` (`name`)
) ENGINE=InnoDB AUTO_INCREMENT=16 DEFAULT CHARSET=utf8mb4 COLLATE=utf8mb4_0900_ai_ci;
/*!40101 SET character_set_client = @saved_cs_client */;

--
-- Dumping data for table `buildingmaterials`
--

LOCK TABLES `buildingmaterials` WRITE;
/*!40000 ALTER TABLE `buildingmaterials` DISABLE KEYS */;
INSERT INTO `buildingmaterials` VALUES (3,'блочный'),(8,'бревн'),(7,'бру'),(13,'газоблоки'),(4,'деревянный'),(11,'ж/б панели'),(6,'кирпич'),(2,'кирпичный'),(14,'металл'),(5,'монолитный'),(15,'нет'),(1,'панельный'),(9,'пеноблоки'),(12,'сэндвич-панели'),(10,'экспериментальные материалы');
/*!40000 ALTER TABLE `buildingmaterials` ENABLE KEYS */;
UNLOCK TABLES;

--
-- Table structure for table `district`
--

DROP TABLE IF EXISTS `district`;
/*!40101 SET @saved_cs_client     = @@character_set_client */;
/*!50503 SET character_set_client = utf8mb4 */;
CREATE TABLE `district` (
  `idDistrict` int(11) NOT NULL AUTO_INCREMENT,
  `name` varchar(100) NOT NULL,
  PRIMARY KEY (`idDistrict`)
) ENGINE=InnoDB AUTO_INCREMENT=24 DEFAULT CHARSET=utf8mb4 COLLATE=utf8mb4_0900_ai_ci;
/*!40101 SET character_set_client = @saved_cs_client */;

--
-- Dumping data for table `district`
--

LOCK TABLES `district` WRITE;
/*!40000 ALTER TABLE `district` DISABLE KEYS */;
INSERT INTO `district` VALUES (1,'Благовещенский'),(2,'Белогорский'),(3,'Зейский'),(4,'Городской округ г.Райчихинск'),(5,'Свободненский'),(6,'Тындинский'),(7,'Шимановский'),(8,'Городской округ пгт Прогресс'),(9,'Городской округ г. Циолковский'),(10,'Архаринский'),(11,'Бурейский'),(12,'Завитинский'),(13,'Ивановский'),(14,'Константиновский'),(15,'Магдагачинский'),(16,'Мазановский'),(17,'Михайловский'),(18,'Октябрьский'),(19,'Ромненский'),(20,'Селемджинский'),(21,'Серышевский'),(22,'Сковородинский'),(23,'Тамбовский');
/*!40000 ALTER TABLE `district` ENABLE KEYS */;
UNLOCK TABLES;

--
-- Table structure for table `history`
--

DROP TABLE IF EXISTS `history`;
/*!40101 SET @saved_cs_client     = @@character_set_client */;
/*!50503 SET character_set_client = utf8mb4 */;
CREATE TABLE `history` (
  `idHistory` int(11) NOT NULL AUTO_INCREMENT,
  `dateStart` datetime NOT NULL DEFAULT CURRENT_TIMESTAMP,
  `dateEnd` datetime NOT NULL DEFAULT CURRENT_TIMESTAMP,
  `idAds` int(11) NOT NULL,
  `price` int(11) NOT NULL,
  PRIMARY KEY (`idHistory`),
  KEY `fk_history_ads1_idx` (`idAds`),
  CONSTRAINT `idAds` FOREIGN KEY (`idAds`) REFERENCES `ads` (`idAds`) ON DELETE CASCADE
) ENGINE=InnoDB AUTO_INCREMENT=114 DEFAULT CHARSET=utf8mb4 COLLATE=utf8mb4_0900_ai_ci;
/*!40101 SET character_set_client = @saved_cs_client */;

--
-- Dumping data for table `history`
--

LOCK TABLES `history` WRITE;
/*!40000 ALTER TABLE `history` DISABLE KEYS */;
INSERT INTO `history` VALUES (6,'2020-09-08 01:44:31','2020-09-08 01:44:31',20,1300),(7,'2020-09-08 02:23:28','2020-09-08 02:23:28',21,1500),(8,'2020-09-08 01:44:35','2020-09-08 01:44:35',22,1300),(9,'2020-09-08 02:36:14','2020-09-08 02:36:14',27,4800000),(10,'2020-09-08 02:36:16','2020-09-08 02:36:16',28,2800000),(11,'2020-09-08 02:36:19','2020-09-08 02:36:19',29,3700000),(12,'2020-09-08 18:24:43','2020-09-08 18:24:43',30,2500),(13,'2020-09-08 18:24:46','2020-09-08 18:24:46',31,1300),(14,'2020-09-08 18:24:48','2020-09-08 18:24:48',32,1000),(15,'2020-09-08 18:24:50','2020-09-08 18:24:50',33,1200),(16,'2020-09-08 18:24:52','2020-09-08 18:24:52',34,2000),(17,'2020-09-08 18:24:54','2020-09-08 18:24:54',35,1800),(18,'2020-09-08 18:36:04','2020-09-08 18:36:04',36,1300),(19,'2020-09-08 18:36:06','2020-09-08 18:36:06',37,2500),(20,'2020-09-08 18:36:09','2020-09-08 18:36:09',38,1300),(21,'2020-09-08 18:36:11','2020-09-08 18:36:11',39,1800),(22,'2020-09-08 18:36:14','2020-09-08 18:36:14',40,1000),(23,'2020-09-08 18:36:16','2020-09-08 18:36:16',41,2500),(24,'2020-09-08 18:36:18','2020-09-08 18:36:18',42,2000),(25,'2020-09-08 18:36:20','2020-09-08 18:36:20',43,2000),(26,'2020-09-08 18:36:22','2020-09-08 18:36:22',44,1700),(27,'2020-09-08 18:36:24','2020-09-08 18:36:24',45,22000),(28,'2020-09-08 18:36:27','2020-09-08 18:36:27',46,1700),(29,'2020-09-08 18:36:29','2020-09-08 18:36:29',47,1400),(30,'2020-09-08 18:36:31','2020-09-08 18:36:31',48,3000),(31,'2020-09-08 18:36:36','2020-09-08 18:36:36',49,1000),(32,'2020-09-08 18:36:38','2020-09-08 18:36:38',50,1500),(33,'2020-09-08 18:36:40','2020-09-08 18:36:40',51,2500),(34,'2020-09-08 18:36:42','2020-09-08 18:36:42',52,1200),(35,'2020-09-08 18:36:46','2020-09-08 18:36:46',53,2300),(36,'2020-09-08 18:36:48','2020-09-08 18:36:48',54,1300),(37,'2020-09-08 18:36:50','2020-09-08 18:36:50',55,75000),(38,'2020-09-08 18:36:53','2020-09-08 18:36:53',56,1500),(39,'2020-09-08 18:36:55','2020-09-08 18:36:55',57,2800),(40,'2020-09-08 18:36:57','2020-09-08 18:36:57',58,2100),(41,'2020-09-08 18:36:59','2020-09-08 18:36:59',59,1500),(42,'2020-09-08 18:37:01','2020-09-08 18:37:01',60,1500),(43,'2020-09-08 18:37:03','2020-09-08 18:37:03',61,1500),(44,'2020-09-08 18:37:05','2020-09-08 18:37:05',62,2000),(45,'2020-09-08 18:37:07','2020-09-08 18:37:07',63,1000),(46,'2020-09-08 18:37:10','2020-09-08 18:37:10',64,800),(47,'2020-09-08 18:37:12','2020-09-08 18:37:12',65,1800),(48,'2020-09-08 18:37:14','2020-09-08 18:37:14',66,1300),(49,'2020-09-08 18:37:16','2020-09-08 18:37:16',67,26000),(50,'2020-09-08 18:37:18','2020-09-08 18:37:18',68,1800),(51,'2020-09-08 18:37:20','2020-09-08 18:37:20',69,18000),(52,'2020-09-08 18:37:22','2020-09-08 18:37:22',70,1500),(53,'2020-09-08 18:37:24','2020-09-08 18:37:24',71,20000),(54,'2020-09-08 18:37:27','2020-09-08 18:37:27',72,2000),(55,'2020-09-08 18:37:30','2020-09-08 18:37:30',73,1800),(56,'2020-09-08 18:37:32','2020-09-08 18:37:32',74,13000),(57,'2020-09-08 18:37:34','2020-09-08 18:37:34',75,1400),(58,'2020-09-08 18:37:37','2020-09-08 18:37:37',76,17000),(59,'2020-09-08 18:37:39','2020-09-08 18:37:39',77,1600),(60,'2020-09-08 18:37:51','2020-09-08 18:37:51',78,4200000),(61,'2020-09-08 18:37:53','2020-09-08 18:37:53',79,12080000),(62,'2020-09-08 18:37:55','2020-09-08 18:37:55',80,3300000),(63,'2020-09-08 18:37:57','2020-09-08 18:37:57',81,5300000),(64,'2020-09-08 18:37:59','2020-09-08 18:37:59',82,1900000),(65,'2020-09-08 18:38:01','2020-09-08 18:38:01',83,3550000),(66,'2020-09-08 18:38:03','2020-09-08 18:38:03',84,3000000),(67,'2020-09-08 18:38:06','2020-09-08 18:38:06',85,3420000),(68,'2020-09-08 18:38:08','2020-09-08 18:38:08',86,2800000),(69,'2020-09-08 18:38:10','2020-09-08 18:38:10',87,4190000),(70,'2020-09-08 18:38:12','2020-09-08 18:38:12',88,3900000),(71,'2020-09-08 18:38:15','2020-09-08 18:38:15',89,3790000),(72,'2020-09-08 18:38:17','2020-09-08 18:38:17',90,3700000),(73,'2020-09-08 18:38:19','2020-09-08 18:38:19',91,3200000),(74,'2020-09-08 18:38:21','2020-09-08 18:38:21',92,4370000),(75,'2020-09-08 18:38:23','2020-09-08 18:38:23',93,4470000),(76,'2020-09-08 18:38:25','2020-09-08 18:38:25',94,4200000),(77,'2020-09-08 18:38:27','2020-09-08 18:38:27',95,4299000),(78,'2020-09-08 18:38:29','2020-09-08 18:38:29',96,3200000),(79,'2020-09-08 18:38:31','2020-09-08 18:38:31',97,3100000),(80,'2020-09-08 18:38:33','2020-09-08 18:38:33',98,5400000),(81,'2020-09-08 18:38:36','2020-09-08 18:38:36',99,3900000),(82,'2020-09-08 18:38:38','2020-09-08 18:38:38',100,3400000),(83,'2020-09-08 18:38:40','2020-09-08 18:38:40',101,3150000),(84,'2020-09-08 18:38:42','2020-09-08 18:38:42',102,3830000),(85,'2020-09-08 18:38:44','2020-09-08 18:38:44',103,3650000),(86,'2020-09-08 18:38:46','2020-09-08 18:38:46',104,3550000),(87,'2020-09-08 18:38:49','2020-09-08 18:38:49',105,3850000),(88,'2020-09-08 18:38:51','2020-09-08 18:38:51',106,2650000),(89,'2020-09-08 18:38:53','2020-09-08 18:38:53',107,1450000),(90,'2020-09-08 18:38:55','2020-09-08 18:38:55',108,2550000),(91,'2020-09-08 18:38:57','2020-09-08 18:38:57',109,2300000),(92,'2020-09-08 18:39:01','2020-09-08 18:39:01',110,4500000),(93,'2020-09-08 18:39:04','2020-09-08 18:39:04',111,11800000),(94,'2020-09-08 18:39:06','2020-09-08 18:39:06',112,3999999),(95,'2020-09-08 18:39:08','2020-09-08 18:39:08',113,5300000),(96,'2020-09-08 18:39:11','2020-09-08 18:39:11',114,1700000),(97,'2020-09-08 18:39:13','2020-09-08 18:39:13',115,2466000),(98,'2020-09-08 18:39:15','2020-09-08 18:39:15',116,5500000),(99,'2020-09-08 18:39:18','2020-09-08 18:39:18',117,7100000),(100,'2020-09-08 18:39:22','2020-09-08 18:39:22',118,5150000),(101,'2020-09-08 18:39:24','2020-09-08 18:39:24',119,2200000),(102,'2020-09-08 18:39:27','2020-09-08 18:39:27',120,6717000),(103,'2020-09-08 18:39:29','2020-09-08 18:39:29',121,4250000),(104,'2020-09-08 18:39:37','2020-09-08 18:39:37',122,4100000),(105,'2020-09-08 18:39:41','2020-09-08 18:39:41',123,3550000),(106,'2020-09-08 18:39:44','2020-09-08 18:39:44',124,4450000),(107,'2020-09-08 18:39:54','2020-09-08 18:39:54',125,5500),(108,'2020-09-08 18:39:56','2020-09-08 18:39:56',126,10000),(109,'2020-09-08 18:39:58','2020-09-08 18:39:58',127,20000),(110,'2020-09-08 18:40:00','2020-09-08 18:40:00',128,6000),(111,'2020-09-08 18:40:05','2020-09-08 18:40:05',129,40000),(112,'2020-09-08 18:40:07','2020-09-08 18:40:07',130,55000),(113,'2020-09-08 18:40:15','2020-09-08 18:40:15',131,6800000);
/*!40000 ALTER TABLE `history` ENABLE KEYS */;
UNLOCK TABLES;

--
-- Table structure for table `kindofpropertys`
--

DROP TABLE IF EXISTS `kindofpropertys`;
/*!40101 SET @saved_cs_client     = @@character_set_client */;
/*!50503 SET character_set_client = utf8mb4 */;
CREATE TABLE `kindofpropertys` (
  `idKindOfProperty` int(11) NOT NULL AUTO_INCREMENT,
  `name` varchar(45) NOT NULL,
  PRIMARY KEY (`idKindOfProperty`)
) ENGINE=InnoDB AUTO_INCREMENT=8 DEFAULT CHARSET=utf8mb4 COLLATE=utf8mb4_0900_ai_ci;
/*!40101 SET character_set_client = @saved_cs_client */;

--
-- Dumping data for table `kindofpropertys`
--

LOCK TABLES `kindofpropertys` WRITE;
/*!40000 ALTER TABLE `kindofpropertys` DISABLE KEYS */;
INSERT INTO `kindofpropertys` VALUES (1,'дачи'),(2,'дома'),(3,'квартира'),(4,'коттеджи'),(5,'таунхаусы'),(6,'студия'),(7,'нет');
/*!40000 ALTER TABLE `kindofpropertys` ENABLE KEYS */;
UNLOCK TABLES;

--
-- Table structure for table `lacality`
--

DROP TABLE IF EXISTS `lacality`;
/*!40101 SET @saved_cs_client     = @@character_set_client */;
/*!50503 SET character_set_client = utf8mb4 */;
CREATE TABLE `lacality` (
  `idlacality` int(11) NOT NULL AUTO_INCREMENT,
  `name` varchar(100) NOT NULL,
  `idDistrict` int(11) NOT NULL,
  `idRegion` int(11) NOT NULL,
  `population` int(11) DEFAULT NULL,
  PRIMARY KEY (`idlacality`),
  KEY `fk_lacality_district_idx` (`idDistrict`),
  KEY `fk_lacality_regions1_idx` (`idRegion`),
  CONSTRAINT `fk_lacality_district` FOREIGN KEY (`idDistrict`) REFERENCES `district` (`idDistrict`),
  CONSTRAINT `fk_lacality_regions1` FOREIGN KEY (`idRegion`) REFERENCES `regions` (`idRegion`)
) ENGINE=InnoDB AUTO_INCREMENT=626 DEFAULT CHARSET=utf8mb4 COLLATE=utf8mb4_0900_ai_ci;
/*!40101 SET character_set_client = @saved_cs_client */;

--
-- Dumping data for table `lacality`
--

LOCK TABLES `lacality` WRITE;
/*!40000 ALTER TABLE `lacality` DISABLE KEYS */;
INSERT INTO `lacality` VALUES (1,'г. Благовещенск',1,1,226385),(2,'село Белогорье',1,1,2736),(3,'железнодорожная станция Белогорье',1,1,26),(4,'посёлок Мухинка',1,1,124),(5,'посёлок Плодопитомник',1,1,1070),(6,'железнодорожная станция Призейская',1,1,210),(7,'село Садовое',1,1,1077),(8,'г. Белогорск',2,1,65315),(9,'село Низинное',2,1,461),(10,'г. Зея',3,1,22984),(11,'г. Райчихинск',4,1,16784),(12,'село Угольное',4,1,36),(13,'поселок Широкий',4,1,1226),(14,'поселок Зельвино',4,1,1408),(15,'г. Свободный',5,1,54017),(16,'г. Тында',6,1,33177),(17,'г. Шимановск',7,1,18566),(18,'пгт Новорайчихинск',8,1,1842),(19,'пгт Прогресс',8,1,9517),(20,'посёлок Кивдинский',8,1,14),(21,'г. Циолковский',9,1,7188),(22,'пгт  Архара',10,1,8508),(23,'село Бон',10,1,7),(24,'железнодорожная станция Журавли',10,1,3),(25,'село Антоновка',10,1,84),(26,'село Красная Горка',10,1,4),(27,'село Аркадьевка',10,1,602),(28,'село Черноберезовка',10,1,60),(29,'село Вольное',10,1,76),(30,'село Орловка',10,1,37),(31,'село Грибовка',10,1,177),(32,'село Ерахта',10,1,5),(33,'село Могилевка',10,1,60),(34,'село Иннокентьевка',10,1,383),(35,'село Красный Луч',10,1,24),(36,'село Касаткино',10,1,234),(37,'село Журавлевка',10,1,156),(38,'село Новопокровка',10,1,87),(39,'село Сагибово',10,1,62),(40,'село Кундур',10,1,654),(41,'село Казачий',10,1,2),(42,'село Тарманчукан',10,1,4),(43,'село Ленинское',10,1,276),(44,'село Красный Исток',10,1,46),(45,'село Михайловка',10,1,10),(46,'село Новосергеевка',10,1,77),(47,'железнодорожная станция Богучан',10,1,56),(48,'село Новоспасск',10,1,182),(49,'село Домикан',10,1,168),(50,'село Казановка',10,1,33),(51,'село Свободное',10,1,2),(52,'село Отважное',10,1,640),(53,'село Заречное',10,1,41),(54,'село Каменный Карьер',10,1,95),(55,'железнодорожная станция Татакан',10,1,85),(56,'село Северное',10,1,162),(57,'село Скобельцыно',10,1,32),(58,'село Украинка',10,1,17),(59,'село Урил',10,1,77),(60,'железнодорожная станция Рачи',10,1,1),(61,'село Черниговка',10,1,130),(62,'село Гуликовка',10,1,12),(63,'железнодорожная станция Домикан',10,1,57),(64,'село Каменка',10,1,26),(65,'железнодорожная станция Кулустай',10,1,4),(66,'село Левый Берег',10,1,1),(67,'село Новодомикан',10,1,54),(68,'село Петропавловка',10,1,1),(69,'село Ядрино',10,1,458),(70,'железнодорожная станция Есауловка',10,1,2),(71,'село Белоцерковка',2,1,226),(72,'село Васильевка',2,1,2145),(73,'село Круглое',2,1,68),(74,'село Междугранка',2,1,355),(75,'село Павловка',2,1,205),(76,'село Великокнязевка',2,1,721),(77,'село Комиссаровка',2,1,91),(78,'село Новоандреевка',2,1,116),(79,'село Возжаевка',2,1,4963),(80,'село Амурское',2,1,924),(81,'село Дубровка',2,1,56),(82,'село Кустанаевка',2,1,381),(83,'село Камышевка',2,1,51),(84,'село Лозовое',2,1,0),(85,'село Лукьяновка',2,1,136),(86,'село Лохвицы',2,1,552),(87,'село Савельевка',2,1,95),(88,'село Некрасовка',2,1,403),(89,'село Захарьевка',2,1,15),(90,'село Новоназаровка',2,1,49),(91,'село Новоселитьба',2,1,39),(92,'село Никольское',2,1,1402),(93,'село Киселеозерка',2,1,204),(94,'село Ключи',2,1,179),(95,'село Новое',2,1,409),(96,'село Луговое',2,1,39),(97,'село Мостовое',2,1,11),(98,'село Заречное',2,1,382),(99,'село Озеряне',2,1,98),(100,'село Чернетчено',2,1,39),(101,'село Пригородное',2,1,408),(102,'село Мирное',2,1,222),(103,'село Светиловка',2,1,400),(104,'село Томичи',2,1,1391),(105,'село Поляное',2,1,101),(106,'село Успеновка',2,1,303),(107,'село Волково',1,1,2112),(108,'село Ровное',1,1,429),(109,'село Грибское',1,1,999),(110,'село Дроново',1,1,252),(111,'село Передовое',1,1,167),(112,'село Удобное',1,1,117),(113,'село Гродеково',1,1,513),(114,'посёлок Заречный',1,1,160),(115,'село Каникурган',1,1,224),(116,'село Марково',1,1,1336),(117,'село Михайловка',1,1,544),(118,'село Грязнушка',1,1,323),(119,'село Натальино',1,1,303),(120,'село Новопетровка',1,1,724),(121,'село Егорьевка',1,1,174),(122,'село Новинка',1,1,144),(123,'село Прядчино',1,1,279),(124,'село Новотроицкое',1,1,899),(125,'село Кантон-Коммуна',1,1,163),(126,'село Сергеевка',1,1,1141),(127,'село Бибиково',1,1,169),(128,'село Усть-Ивановка',1,1,2664),(129,'село Владимировка',1,1,1096),(130,'село Чигири',1,1,11889),(131,'посёлок Вадимово',1,1,3),(132,'село Верхнеблаговещенское',1,1,747),(133,'село Игнатьево',1,1,1036),(134,'пгт Бурея',11,1,4021),(135,'село Кивдо-Тюкан',11,1,38),(136,'село Муравка',11,1,70),(137,'железнодорожная станция Тюкан',11,1,5),(138,'пгт Новобурейский',11,1,6688),(139,'село Николаевка',11,1,747),(140,'пгт Талакан',11,1,4139),(141,'село Алексеевка',11,1,194),(142,'село Асташиха',11,1,95),(143,'село Виноградовка',11,1,400),(144,'село Долдыкан',11,1,363),(145,'село Малиновка',11,1,1056),(146,'село Гомелевка',11,1,0),(147,'село Усть-Кивда',11,1,144),(148,'село Безозерное',11,1,383),(149,'село Безымянное',11,1,98),(150,'село Родионовка',11,1,242),(151,'село Семеновка',11,1,90),(152,'село Трехречье',11,1,30),(153,'село Старая Райчиха',11,1,317),(154,'село Успеновка',11,1,256),(155,'село Правая Райчиха',11,1,17),(156,'г. Завитинск',12,1,10215),(157,'село Новоалексеевка',12,1,104),(158,'железнодорожная станция Тур',12,1,0),(159,'село Червоная Армия',12,1,180),(160,'село Албазинка',12,1,168),(161,'село Платово',12,1,28),(162,'село Антоновка',12,1,425),(163,'село Ленино',12,1,35),(164,'село Белый Яр',12,1,144),(165,'село Аврамовка',12,1,30),(166,'село Болдыревка',12,1,450),(167,'село Верхнеильиновка',12,1,133),(168,'село Житомировка',12,1,0),(169,'село Иннокентьевка',12,1,227),(170,'село Демьяновка',12,1,95),(171,'железнодорожная станция Демьяновка',12,1,0),(172,'село Ивановка',12,1,137),(173,'село Куприяновка',12,1,315),(174,'село Подоловка',12,1,161),(175,'село Федоровка',12,1,23),(176,'село Преображеновка',12,1,165),(177,'село Валуево',12,1,104),(178,'железнодорожная станция Дея',12,1,17),(179,'село Успеновка',12,1,252),(180,'село Камышенка',12,1,192),(181,'село Алгач',3,1,400),(182,'село Амуро-Балтийск',3,1,181),(183,'село Сиан',3,1,50),(184,'посёлок Береговой',3,1,1295),(185,'посёлок Кировский',3,1,18),(186,'село Бомнак',3,1,419),(187,'посёлок Верхнезейск',3,1,1277),(188,'посёлок Горный',3,1,733),(189,'поселок Дугда',3,1,670),(190,'село Ивановка',3,1,306),(191,'село Николаевка-2',3,1,13),(192,'село Александровка',3,1,158),(193,'село Алексеевка',3,1,0),(194,'село Березовка',3,1,48),(195,'село Николаевка',3,1,251),(196,'село Овсянка',3,1,2782),(197,'посёлок Огорон',3,1,258),(198,'село Октябрьский',3,1,957),(199,'посёлок Ясный',3,1,8),(200,'посёлок Поляковский',3,1,236),(201,'посёлок Снежногорский',3,1,338),(202,'село Сосновый Бор',3,1,738),(203,'село Гулик',3,1,264),(204,'село Заречная Слобода',3,1,588),(205,'село Золотая Гора',3,1,55),(206,'посёлок Тунгала',3,1,511),(207,'село Умлекан',3,1,234),(208,'село Рублевка',3,1,68),(209,'посёлок Хвойный',3,1,200),(210,'село Чалбачи',3,1,242),(211,'посёлок Юбилейный',3,1,379),(212,'село Анновка',13,1,558),(213,'село Большеозерка',13,1,242),(214,'село Вишневка',13,1,14),(215,'село Березовка',13,1,3093),(216,'село Петропавловка',13,1,705),(217,'село Семиозерка',13,1,557),(218,'село Дмитриевка',13,1,971),(219,'село Ерковцы',13,1,915),(220,'село Черкасовка',13,1,21),(221,'село Ивановка',13,1,6487),(222,'село Вознесеновка',13,1,4),(223,'село Крещеновка',13,1,168),(224,'село Луговое',13,1,262),(225,'село Успеновка',13,1,356),(226,'село Константиноградовка',13,1,496),(227,'село Николаевка',13,1,266),(228,'село Новопокровка',13,1,160),(229,'село Новоалексеевка',13,1,586),(230,'село Ракитное',13,1,59),(231,'село Среднебелое',13,1,707),(232,'село Полевое',13,1,73),(233,'село Правовосточное',13,1,308),(234,'село Некрасовка',13,1,82),(235,'село Садовое',13,1,78),(236,'село Андреевка',13,1,224),(237,'село Богословка',13,1,34),(238,'село Солнечное',13,1,407),(239,'село Надежденское',13,1,76),(240,'село Среднебелая',13,1,3764),(241,'село Приозерное',13,1,180),(242,'село Троицкое',13,1,400),(243,'село Черемхово',13,1,811),(244,'село Богородское',13,1,539),(245,'село Верхняя Полтавка',14,1,617),(246,'село Средняя Полтавка',14,1,246),(247,'село Верхний Уртуй',14,1,406),(248,'село Зеньковка',14,1,434),(249,'село Золотоножка',14,1,205),(250,'село Ключи',14,1,762),(251,'село Коврижка',14,1,370),(252,'село Октябрьское',14,1,102),(253,'село Константиновка',14,1,5197),(254,'село Крестовоздвиженка',14,1,957),(255,'село Нижняя Полтавка',14,1,1143),(256,'село Новопетровка',14,1,510),(257,'село Войково',14,1,190),(258,'село Орловка',14,1,269),(259,'село Новотроицкое',14,1,446),(260,'село Семидомка',14,1,318),(261,'пгт Магдагачи',15,1,9895),(262,'железнодорожный блок-пост Красная Падь',15,1,11),(263,'пгт Сиваки',15,1,1568),(264,'посёлок 16 Км',15,1,0),(265,'пгт Ушумун',15,1,1899),(266,'село Гонжа',15,1,705),(267,'село Кислый Ключ',15,1,24),(268,'железнодорожная станция Нюкжа',15,1,0),(269,'посёлок Гудачи',15,1,368),(270,'посёлок Дактуй',15,1,536),(271,'посёлок Апрельский',15,1,41),(272,'село Пионер',15,1,30),(273,'железнодорожная станция Сулус',15,1,28),(274,'железнодорожная станция Тымерсоль',15,1,4),(275,'село Кузнецово',15,1,178),(276,'село Толбузино',15,1,178),(277,'село Тыгда',15,1,2948),(278,'село Новопокровка',15,1,0),(279,'посёлок Чалганы',15,1,388),(280,'село Черняево',15,1,791),(281,'село Калиновка',15,1,0),(282,'село Белоярово',16,1,901),(283,'село Каменка',16,1,10),(284,'село Юбилейное',16,1,85),(285,'село Богословка',16,1,213),(286,'село Козловка',16,1,67),(287,'село Дмитриевка',16,1,162),(288,'село Бичура',16,1,125),(289,'село Каничи',16,1,53),(290,'село Паутовка',16,1,90),(291,'село Маргаритовка',16,1,323),(292,'село Красноярово',16,1,959),(293,'село Антоновка',16,1,36),(294,'село Леонтьевка',16,1,68),(295,'село Михайловка',16,1,105),(296,'село Петровка',16,1,111),(297,'село Мазаново',16,1,636),(298,'посёлок Ивановский',16,1,393),(299,'посёлок Майский',16,1,83),(300,'село Молчаново',16,1,445),(301,'село Поповка',16,1,410),(302,'село Спицыно',16,1,0),(303,'село Новокиевский Увал',16,1,3762),(304,'село Новокиевка',16,1,685),(305,'посёлок Пионерский',16,1,275),(306,'село Раздольное',16,1,125),(307,'село Дружное',16,1,15),(308,'село Романкауцы',16,1,135),(309,'село Новороссийка',16,1,263),(310,'село Слава',16,1,1),(311,'село Практичи',16,1,363),(312,'село Сохатино',16,1,71),(313,'село Путятино',16,1,234),(314,'село Таскино',16,1,265),(315,'село Сапроново',16,1,534),(316,'село Алексеевка',16,1,37),(317,'село Кольцовка',16,1,37),(318,'село Христиновка',16,1,36),(319,'село Угловое',16,1,493),(320,'село Абайкан',16,1,4),(321,'село Ульма',16,1,107),(322,'село Воскресеновка',17,1,213),(323,'железнодорожная станция Воскресеновка',17,1,95),(324,'село Кавказ',17,1,60),(325,'село Шумиловка',17,1,49),(326,'село Дим',17,1,661),(327,'село Дубовое',17,1,290),(328,'село Привольное',17,1,45),(329,'село Шурино',17,1,64),(330,'село Зеленый Бор',17,1,489),(331,'село Красный Яр',17,1,112),(332,'село Черемисино',17,1,122),(333,'село Нижняя Ильиновка',17,1,274),(334,'село Ярославка',17,1,65),(335,'село Калинино',17,1,536),(336,'село Винниково',17,1,162),(337,'село Коршуновка',17,1,402),(338,'село Красный Восток',17,1,75),(339,'село Нижнезавитинка',17,1,51),(340,'село Михайловка',17,1,691),(341,'село Арсентьевка',17,1,166),(342,'село Новогеоргиевка',17,1,15),(343,'село Петропавловка',17,1,214),(344,'село Новочесноково',17,1,537),(345,'село Высокое',17,1,2),(346,'село Куприяново',17,1,131),(347,'село Поярково',17,1,6590),(348,'село Чесноково',17,1,672),(349,'село Красная Орловка',17,1,125),(350,'село Шадрино',17,1,196),(351,'село Борисоглебка',18,1,175),(352,'село Ильиновка',18,1,180),(353,'село Варваровка',18,1,2460),(354,'посёлок Восточный',18,1,1240),(355,'посёлок Прибрежный',18,1,75),(356,'село Екатеринославка',18,1,9836),(357,'село Зорино',18,1,0),(358,'посёлок Нагорный',18,1,33),(359,'село Короли',18,1,205),(360,'село Георгиевка',18,1,32),(361,'село Смирновка',18,1,9),(362,'село Смелое',18,1,122),(363,'село Беляковка',18,1,10),(364,'село Ясная Поляна',18,1,2),(365,'село Максимовка',18,1,312),(366,'село Кутилово',18,1,45),(367,'посёлок Мухинский',18,1,543),(368,'село Черемушки',18,1,104),(369,'село Николо-Александровка',18,1,479),(370,'село Покровка',18,1,139),(371,'село Новомихайловка',18,1,388),(372,'село Сергее-Федоровка',18,1,115),(373,'железнодорожная станция Троебратка',18,1,22),(374,'село Харьковка',18,1,3),(375,'село Панино',18,1,184),(376,'посёлок Южный',18,1,74),(377,'село Переясловка',18,1,52),(378,'село Преображеновка',18,1,102),(379,'село Песчаноозерка',18,1,436),(380,'село Романовка',18,1,411),(381,'село Борисово',18,1,0),(382,'село Марьяновка',18,1,153),(383,'посёлок Трудовой',18,1,97),(384,'посёлок Заозерный',18,1,58),(385,'посёлок Увальный',18,1,66),(386,'село Амаранка',19,1,214),(387,'село Восточная Нива',19,1,5),(388,'село Новониколаевка',19,1,109),(389,'село Дальневосточное',19,1,241),(390,'село Григорьевка',19,1,66),(391,'село Урожайное',19,1,7),(392,'село Знаменка',19,1,399),(393,'село Кузьмичи',19,1,32),(394,'село Каховка',19,1,305),(395,'село Новый Быт',19,1,140),(396,'село Серединное',19,1,18),(397,'село Поздеевка',19,1,1456),(398,'село Верхнебелое',19,1,251),(399,'село Новороссийка',19,1,140),(400,'село Рогозовка',19,1,262),(401,'село Вознесеновка',19,1,85),(402,'село Высокое',19,1,12),(403,'село Климовка',19,1,17),(404,'село Ромны',19,1,2732),(405,'село Калиновка',19,1,185),(406,'село Святоруссовка',19,1,291),(407,'село Любимое',19,1,108),(408,'село Морозовка',19,1,65),(409,'село Чергали',19,1,262),(410,'село Братолюбовка',19,1,93),(411,'село Придорожное',19,1,35),(412,'село Райгородка',19,1,26),(413,'село Смоляное',19,1,121),(414,'село Хохлатское',19,1,33),(415,'село Дмитриевка',5,1,396),(416,'посёлок Юхта',5,1,417),(417,'посёлок Юхта-3',5,1,85),(418,'село Усть-Пера',5,1,343),(419,'село Желтоярово',5,1,470),(420,'село Гащенка',5,1,141),(421,'село Заган',5,1,94),(422,'село Новоникольск',5,1,64),(423,'село Черниговка',5,1,451),(424,'село Загорная Селитьба',5,1,420),(425,'село Климоуцы',5,1,724),(426,'село Новостепановка',5,1,200),(427,'село Талали',5,1,236),(428,'село Костюковка',5,1,419),(429,'село Зиговка',5,1,124),(430,'село Малый Эргель',5,1,24),(431,'село Серебрянка',5,1,236),(432,'село Глухари',5,1,159),(433,'село Курган',5,1,48),(434,'село Голубое',5,1,171),(435,'село Малая Сазанка',5,1,1856),(436,'село Москвитино',5,1,421),(437,'посёлок Источный',5,1,61),(438,'село Нижние Бузули',5,1,967),(439,'село Новоострополь',5,1,56),(440,'село Новгородка',5,1,807),(441,'село Бардагон',5,1,170),(442,'посёлок Подгорный',5,1,265),(443,'село Новоивановка',5,1,486),(444,'село Рогачевка',5,1,311),(445,'село Буссе',5,1,480),(446,'село Петропавловка',5,1,84),(447,'село Семеновка',5,1,317),(448,'село Сукромли',5,1,123),(449,'село Маркучи',5,1,183),(450,'село Сычевка',5,1,565),(451,'село Гуран',5,1,141),(452,'село Черновка',5,1,621),(453,'село Бузули',5,1,184),(454,'село Разливная',5,1,160),(455,'село Чембары',5,1,375),(456,'пгт Экимчан',20,1,986),(457,'пгт Токур',20,1,816),(458,'пгт Февральск',20,1,4560),(459,'село Февральское',20,1,315),(460,'поселок Златоустовск',20,1,639),(461,'посёлок Ольгинск',20,1,100),(462,'село Ивановское',20,1,351),(463,'посёлок Иса',20,1,411),(464,'село Коболдо',20,1,359),(465,'село Огоджа',20,1,304),(466,'село Норск',20,1,279),(467,'село Бысса',20,1,41),(468,'село Стойба',20,1,620),(469,'село Селемджинск',20,1,21),(470,'пгт Серышево',21,1,9438),(471,'железнодорожная станция Арга',21,1,555),(472,'село Введеновка',21,1,255),(473,'село Веселое',21,1,84),(474,'село Большая Сазанка',21,1,585),(475,'село Воронжа',21,1,46),(476,'село Ключики',21,1,161),(477,'село Водораздельное',21,1,205),(478,'село Милехино',21,1,54),(479,'село Казанка',21,1,421),(480,'село Калиновка',21,1,0),(481,'село Липовка',21,1,58),(482,'село Сретенка',21,1,40),(483,'село Лебяжье',21,1,343),(484,'село Белоусовка',21,1,42),(485,'село Лермонтово',21,1,240),(486,'село Бирма',21,1,43),(487,'село Ближний Сахалин',21,1,37),(488,'село Павловка',21,1,49),(489,'село Лиманное',21,1,227),(490,'село Пушкино',21,1,0),(491,'село Новосергеевка',21,1,432),(492,'село Паруновка',21,1,302),(493,'село Рождественка',21,1,266),(494,'село Озерное',21,1,523),(495,'село Белоногово',21,1,1475),(496,'село Добрянка',21,1,181),(497,'село Поляна',21,1,824),(498,'село Ударное',21,1,366),(499,'село Сосновка',21,1,188),(500,'село Автономовка',21,1,126),(501,'село Верхнеборовая',21,1,33),(502,'село Державинка',21,1,111),(503,'село Томское',21,1,1960),(504,'село Белогорка',21,1,332),(505,'село Бочкаревка',21,1,1046),(506,'село Красная Поляна',21,1,151),(507,'село Тавричанка',21,1,283),(508,'железнодорожная станция Украина',21,1,72),(509,'село Хитровка',21,1,114),(510,'село Украинка',21,1,1146),(511,'село Верное',21,1,123),(512,'село Новоохочье',21,1,104),(513,'село Фроловка',21,1,134),(514,'село Борисполь',21,1,206),(515,'село Широкий Лог',21,1,258),(516,'село Воскресеновка',21,1,58),(517,'село Соколовка',21,1,42),(518,'г. Сковородино',22,1,8943),(519,'посёлок Лесной',22,1,337),(520,'пгт Ерофей Павлович',22,1,4438),(521,'железнодорожная станция Большая Омутная',22,1,161),(522,'железнодорожный разъезд Аячи',22,1,24),(523,'железнодорожный разъезд Иташино',22,1,5),(524,'железнодорожный разъезд Ороченский',22,1,5),(525,'железнодорожный разъезд Сегачама',22,1,34),(526,'железнодорожный разъезд Текан',22,1,0),(527,'село Игнашино',22,1,168),(528,'населённый пункт Блок-Пост Ягодный',22,1,6),(529,'пгт Уруша',22,1,3262),(530,'железнодорожная станция Глубокий',22,1,2),(531,'населённый пункт Блок-Пост Ковали',22,1,1),(532,'железнодорожная станция Сгибеево',22,1,2),(533,'поселок  Улягир',22,1,1),(534,'железнодорожная станция Улятка',22,1,0),(535,'железнодорожная станция Халан',22,1,0),(536,'село Албазино',22,1,348),(537,'село Осежино',22,1,12),(538,'село Джалинда',22,1,1077),(539,'посёлок Среднерейновский',22,1,53),(540,'посёлок Таежный',22,1,46),(541,'село Невер',22,1,1357),(542,'железнодорожная станция Ульручьи',22,1,161),(543,'посёлок Солнечный',22,1,332),(544,'железнодорожная станция Бам',22,1,853),(545,'железнодорожная станция Имачи',22,1,0),(546,'село Талдан',22,1,2758),(547,'село  Тахтамыгда',22,1,1455),(548,'железнодорожная станция  Мадалан',22,1,353),(549,'поселок  Ольдой',22,1,21),(550,'село Жариково',23,1,588),(551,'село Свободка',23,1,169),(552,'село Козьмодемьяновка',23,1,1420),(553,'село Липовка',23,1,128),(554,'село Чуевка',23,1,179),(555,'село Лазаревка',23,1,295),(556,'село Куропатино',23,1,455),(557,'село Духовское',23,1,90),(558,'село Красное',23,1,247),(559,'село Корфово',23,1,73),(560,'село Лермонтовка',23,1,698),(561,'село Муравьевка',23,1,443),(562,'село Резуновка',23,1,190),(563,'село Николаевка',23,1,899),(564,'село Новоалександровка',23,1,1328),(565,'село Лиманное',23,1,151),(566,'село Раздольное',23,1,1719),(567,'село Гильчин',23,1,377),(568,'село Рощино',23,1,141),(569,'село Садовое',23,1,849),(570,'село Лозовое',23,1,793),(571,'село Орлецкое',23,1,206),(572,'село Тамбовка',23,1,7136),(573,'село Косицино',23,1,691),(574,'село Привольное',23,1,332),(575,'село Придорожное',23,1,520),(576,'село Толстовка',23,1,728),(577,'посёлок Аносовский',6,1,197),(578,'посёлок Беленький',6,1,132),(579,'посёлок Восточный',6,1,1131),(580,'посёлок Дипкун',6,1,1349),(581,'посёлок Кувыкта',6,1,268),(582,'посёлок Ларба',6,1,375),(583,'посёлок Лопча',6,1,382),(584,'посёлок Маревый',6,1,600),(585,'посёлок Могот',6,1,611),(586,'посёлок Лапри',6,1,6),(587,'посёлок Муртыгит',6,1,321),(588,'село Усть-Уркима',6,1,249),(589,'посёлок Олекма',6,1,443),(590,'село Первомайское',6,1,762),(591,'село Соловьевск',6,1,2664),(592,'посёлок Стрелка',6,1,1),(593,'село Янкан',6,1,54),(594,'посёлок Тутаул',6,1,389),(595,'село Уркан',6,1,747),(596,'село Бугорки',6,1,54),(597,'село Усть-Нюкжа',6,1,573),(598,'посёлок Хорогочи',6,1,331),(599,'посёлок Чильчи',6,1,207),(600,'посёлок Юктали',6,1,1167),(601,'железнодорожная станция Берея',7,1,65),(602,'село Малиновка',7,1,141),(603,'село Раздольное',7,1,44),(604,'село Мухино',7,1,801),(605,'село Ключевое',7,1,332),(606,'железнодорожная станция Переселенец',7,1,1),(607,'железнодорожная станция Ту',7,1,0),(608,'село Нововоскресеновка',7,1,490),(609,'село Аносово',7,1,98),(610,'село Новогеоргиевка',7,1,405),(611,'село Актай',7,1,107),(612,'село Свободный Труд',7,1,16),(613,'село Петруши',7,1,375),(614,'село Базисное',7,1,115),(615,'железнодорожная станция Петруши',7,1,28),(616,'село Случайное',7,1,0),(617,'село Саскаль',7,1,471),(618,'село Селеткан',7,1,270),(619,'железнодорожная станция Джатва',7,1,5),(620,'село Светильное',7,1,91),(621,'село Симоново',7,1,96),(622,'село Ураловка',7,1,179),(623,'село Кухтерин Луг',7,1,9),(624,'село Ушаково',7,1,463),(625,'село Чагоян',7,1,320);
/*!40000 ALTER TABLE `lacality` ENABLE KEYS */;
UNLOCK TABLES;

--
-- Table structure for table `regions`
--

DROP TABLE IF EXISTS `regions`;
/*!40101 SET @saved_cs_client     = @@character_set_client */;
/*!50503 SET character_set_client = utf8mb4 */;
CREATE TABLE `regions` (
  `idRegion` int(11) NOT NULL AUTO_INCREMENT,
  `name` varchar(100) NOT NULL,
  PRIMARY KEY (`idRegion`)
) ENGINE=InnoDB AUTO_INCREMENT=2 DEFAULT CHARSET=utf8mb4 COLLATE=utf8mb4_0900_ai_ci;
/*!40101 SET character_set_client = @saved_cs_client */;

--
-- Dumping data for table `regions`
--

LOCK TABLES `regions` WRITE;
/*!40000 ALTER TABLE `regions` DISABLE KEYS */;
INSERT INTO `regions` VALUES (1,'Амурская обл.');
/*!40000 ALTER TABLE `regions` ENABLE KEYS */;
UNLOCK TABLES;

--
-- Table structure for table `species`
--

DROP TABLE IF EXISTS `species`;
/*!40101 SET @saved_cs_client     = @@character_set_client */;
/*!50503 SET character_set_client = utf8mb4 */;
CREATE TABLE `species` (
  `idSpecie` int(11) NOT NULL AUTO_INCREMENT,
  `name` varchar(100) NOT NULL,
  PRIMARY KEY (`idSpecie`)
) ENGINE=InnoDB AUTO_INCREMENT=38 DEFAULT CHARSET=utf8mb4 COLLATE=utf8mb4_0900_ai_ci;
/*!40101 SET character_set_client = @saved_cs_client */;

--
-- Dumping data for table `species`
--

LOCK TABLES `species` WRITE;
/*!40000 ALTER TABLE `species` DISABLE KEYS */;
INSERT INTO `species` VALUES (1,'продажа'),(2,'в месяц'),(3,'за сутки'),(37,'нет');
/*!40000 ALTER TABLE `species` ENABLE KEYS */;
UNLOCK TABLES;
/*!40103 SET TIME_ZONE=@OLD_TIME_ZONE */;

/*!40101 SET SQL_MODE=@OLD_SQL_MODE */;
/*!40014 SET FOREIGN_KEY_CHECKS=@OLD_FOREIGN_KEY_CHECKS */;
/*!40014 SET UNIQUE_CHECKS=@OLD_UNIQUE_CHECKS */;
/*!40101 SET CHARACTER_SET_CLIENT=@OLD_CHARACTER_SET_CLIENT */;
/*!40101 SET CHARACTER_SET_RESULTS=@OLD_CHARACTER_SET_RESULTS */;
/*!40101 SET COLLATION_CONNECTION=@OLD_COLLATION_CONNECTION */;
/*!40111 SET SQL_NOTES=@OLD_SQL_NOTES */;

-- Dump completed on 2020-09-08 19:33:16
